brand,shade_name,shade_code,undertone,shade_hex,finish,price_range,ingredients,ingredients_source,fragrance_free,hypoallergenic,derm_tested,where_to_buy,open_beauty_facts_url,source
Clinique,0.25,0,frio,#fbeed9,matte,$25-$29,Talc- Octyldodecyl Stearoyl Stearate- Zinc Stearate- Zinc Laurate- Dimethicone- Bentonite- Hdi/Trimethylol Hexyllactone Crosspolymer- Silica- Astrocaryum Murumuru Seed Butter- Glycerin- Squalane- Lauroyl Lysine- Hydrolyzed Soy Protein- Cetearyl Dimethicone Crosspolymer- Lecithin- Tocopheryl Acetate- Tetrahexyldecyl Ascorbate- Water- Magnesium Myristate- Potassium Sorbate- Coconut Acid- Tetrasodium Edta- Chlorphenesin- [+/- Mica- Titanium Dioxide (Ci 77891)- Iron Oxides (Ci 77491)- Iron Oxides (Ci 77492)- Iron Oxides (Ci 77499)- Ultramarines (Ci 77007)- Bismuth Oxychloride (Ci 77163)- Red 7 Lake (Ci 15850)- Blue 1 Lake (Ci 42090)- Carmine (Ci 75470)].,sephora,,,,https://www.sephora.com/product/beyond-perfecting-powder-foundation-concealer-P426374?icid2=products grid:p426374,,kaggle:utkarshx27/makeup-shades
Clinique,0.5,0,frio,#f7c9b2,matte,$25-$29,Talc- Octyldodecyl Stearoyl Stearate- Zinc Stearate- Zinc Laurate- Dimethicone- Bentonite- Hdi/Trimethylol Hexyllactone Crosspolymer- Silica- Astrocaryum Murumuru Seed Butter- Glycerin- Squalane- Lauroyl Lysine- Hydrolyzed Soy Protein- Cetearyl Dimethicone Crosspolymer- Lecithin- Tocopheryl Acetate- Tetrahexyldecyl Ascorbate- Water- Magnesium Myristate- Potassium Sorbate- Coconut Acid- Tetrasodium Edta- Chlorphenesin- [+/- Mica- Titanium Dioxide (Ci 77891)- Iron Oxides (Ci 77491)- Iron Oxides (Ci 77492)- Iron Oxides (Ci 77499)- Ultramarines (Ci 77007)- Bismuth Oxychloride (Ci 77163)- Red 7 Lake (Ci 15850)- Blue 1 Lake (Ci 42090)- Carmine (Ci 75470)].,sephora,,,,https://www.sephora.com/product/beyond-perfecting-powder-foundation-concealer-P426374?icid2=products grid:p426374,,kaggle:utkarshx27/makeup-shades
Clinique,02,02,frio,#e3b58c,matte,$25-$29,Talc- Octyldodecyl Stearoyl Stearate- Zinc Stearate- Zinc Laurate- Dimethicone- Bentonite- Hdi/Trimethylol Hexyllactone Crosspolymer- Silica- Astrocaryum Murumuru Seed Butter- Glycerin- Squalane- Lauroyl Lysine- Hydrolyzed Soy Protein- Cetearyl Dimethicone Crosspolymer- Lecithin- Tocopheryl Acetate- Tetrahexyldecyl Ascorbate- Water- Magnesium Myristate- Potassium Sorbate- Coconut Acid- Tetrasodium Edta- Chlorphenesin- [+/- Mica- Titanium Dioxide (Ci 77891)- Iron Oxides (Ci 77491)- Iron Oxides (Ci 77492)- Iron Oxides (Ci 77499)- Ultramarines (Ci 77007)- Bismuth Oxychloride (Ci 77163)- Red 7 Lake (Ci 15850)- Blue 1 Lake (Ci 42090)- Carmine (Ci 75470)].,sephora,,,,https://www.sephora.com/product/beyond-perfecting-powder-foundation-concealer-P426374?icid2=products grid:p426374,,kaggle:utkarshx27/makeup-shades
Clinique,04,04,frio,#e8bd99,matte,$25-$29,Talc- Octyldodecyl Stearoyl Stearate- Zinc Stearate- Zinc Laurate- Dimethicone- Bentonite- Hdi/Trimethylol Hexyllactone Crosspolymer- Silica- Astrocaryum Murumuru Seed Butter- Glycerin- Squalane- Lauroyl Lysine- Hydrolyzed Soy Protein- Cetearyl Dimethicone Crosspolymer- Lecithin- Tocopheryl Acetate- Tetrahexyldecyl Ascorbate- Water- Magnesium Myristate- Potassium Sorbate- Coconut Acid- Tetrasodium Edta- Chlorphenesin- [+/- Mica- Titanium Dioxide (Ci 77891)- Iron Oxides (Ci 77491)- Iron Oxides (Ci 77492)- Iron Oxides (Ci 77499)- Ultramarines (Ci 77007)- Bismuth Oxychloride (Ci 77163)- Red 7 Lake (Ci 15850)- Blue 1 Lake (Ci 42090)- Carmine (Ci 75470)].,sephora,,,,https://www.sephora.com/product/beyond-perfecting-powder-foundation-concealer-P426374?icid2=products grid:p426374,,kaggle:utkarshx27/makeup-shades
Clinique,06,06,frio,#e5bd9f,matte,$25-$29,Talc- Octyldodecyl Stearoyl Stearate- Zinc Stearate- Zinc Laurate- Dimethicone- Bentonite- Hdi/Trimethylol Hexyllactone Crosspolymer- Silica- Astrocaryum Murumuru Seed Butter- Glycerin- Squalane- Lauroyl Lysine- Hydrolyzed Soy Protein- Cetearyl Dimethicone Crosspolymer- Lecithin- Tocopheryl Acetate- Tetrahexyldecyl Ascorbate- Water- Magnesium Myristate- Potassium Sorbate- Coconut Acid- Tetrasodium Edta- Chlorphenesin- [+/- Mica- Titanium Dioxide (Ci 77891)- Iron Oxides (Ci 77491)- Iron Oxides (Ci 77492)- Iron Oxides (Ci 77499)- Ultramarines (Ci 77007)- Bismuth Oxychloride (Ci 77163)- Red 7 Lake (Ci 15850)- Blue 1 Lake (Ci 42090)- Carmine (Ci 75470)].,sephora,,,,https://www.sephora.com/product/beyond-perfecting-powder-foundation-concealer-P426374?icid2=products grid:p426374,,kaggle:utkarshx27/makeup-shades
Clinique,07,07,frio,#deb192,matte,$25-$29,Talc- Octyldodecyl Stearoyl Stearate- Zinc Stearate- Zinc Laurate- Dimethicone- Bentonite- Hdi/Trimethylol Hexyllactone Crosspolymer- Silica- Astrocaryum Murumuru Seed Butter- Glycerin- Squalane- Lauroyl Lysine- Hydrolyzed Soy Protein- Cetearyl Dimethicone Crosspolymer- Lecithin- Tocopheryl Acetate- Tetrahexyldecyl Ascorbate- Water- Magnesium Myristate- Potassium Sorbate- Coconut Acid- Tetrasodium Edta- Chlorphenesin- [+/- Mica- Titanium Dioxide (Ci 77891)- Iron Oxides (Ci 77491)- Iron Oxides (Ci 77492)- Iron Oxides (Ci 77499)- Ultramarines (Ci 77007)- Bismuth Oxychloride (Ci 77163)- Red 7 Lake (Ci 15850)- Blue 1 Lake (Ci 42090)- Carmine (Ci 75470)].,sephora,,,,https://www.sephora.com/product/beyond-perfecting-powder-foundation-concealer-P426374?icid2=products grid:p426374,,kaggle:utkarshx27/makeup-shades
Clinique,08,08,quente,#e2b185,matte,$25-$29,Talc- Octyldodecyl Stearoyl Stearate- Zinc Stearate- Zinc Laurate- Dimethicone- Bentonite- Hdi/Trimethylol Hexyllactone Crosspolymer- Silica- Astrocaryum Murumuru Seed Butter- Glycerin- Squalane- Lauroyl Lysine- Hydrolyzed Soy Protein- Cetearyl Dimethicone Crosspolymer- Lecithin- Tocopheryl Acetate- Tetrahexyldecyl Ascorbate- Water- Magnesium Myristate- Potassium Sorbate- Coconut Acid- Tetrasodium Edta- Chlorphenesin- [+/- Mica- Titanium Dioxide (Ci 77891)- Iron Oxides (Ci 77491)- Iron Oxides (Ci 77492)- Iron Oxides (Ci 77499)- Ultramarines (Ci 77007)- Bismuth Oxychloride (Ci 77163)- Red 7 Lake (Ci 15850)- Blue 1 Lake (Ci 42090)- Carmine (Ci 75470)].,sephora,,,,https://www.sephora.com/product/beyond-perfecting-powder-foundation-concealer-P426374?icid2=products grid:p426374,,kaggle:utkarshx27/makeup-shades
Clinique,09,09,frio,#ddab86,matte,$25-$29,Talc- Octyldodecyl Stearoyl Stearate- Zinc Stearate- Zinc Laurate- Dimethicone- Bentonite- Hdi/Trimethylol Hexyllactone Crosspolymer- Silica- Astrocaryum Murumuru Seed Butter- Glycerin- Squalane- Lauroyl Lysine- Hydrolyzed Soy Protein- Cetearyl Dimethicone Crosspolymer- Lecithin- Tocopheryl Acetate- Tetrahexyldecyl Ascorbate- Water- Magnesium Myristate- Potassium Sorbate- Coconut Acid- Tetrasodium Edta- Chlorphenesin- [+/- Mica- Titanium Dioxide (Ci 77891)- Iron Oxides (Ci 77491)- Iron Oxides (Ci 77492)- Iron Oxides (Ci 77499)- Ultramarines (Ci 77007)- Bismuth Oxychloride (Ci 77163)- Red 7 Lake (Ci 15850)- Blue 1 Lake (Ci 42090)- Carmine (Ci 75470)].,sephora,,,,https://www.sephora.com/product/beyond-perfecting-powder-foundation-concealer-P426374?icid2=products grid:p426374,,kaggle:utkarshx27/makeup-shades
Clinique,11,11,frio,#dba879,matte,$25-$29,Talc- Octyldodecyl Stearoyl Stearate- Zinc Stearate- Zinc Laurate- Dimethicone- Bentonite- Hdi/Trimethylol Hexyllactone Crosspolymer- Silica- Astrocaryum Murumuru Seed Butter- Glycerin- Squalane- Lauroyl Lysine- Hydrolyzed Soy Protein- Cetearyl Dimethicone Crosspolymer- Lecithin- Tocopheryl Acetate- Tetrahexyldecyl Ascorbate- Water- Magnesium Myristate- Potassium Sorbate- Coconut Acid- Tetrasodium Edta- Chlorphenesin- [+/- Mica- Titanium Dioxide (Ci 77891)- Iron Oxides (Ci 77491)- Iron Oxides (Ci 77492)- Iron Oxides (Ci 77499)- Ultramarines (Ci 77007)- Bismuth Oxychloride (Ci 77163)- Red 7 Lake (Ci 15850)- Blue 1 Lake (Ci 42090)- Carmine (Ci 75470)].,sephora,,,,https://www.sephora.com/product/beyond-perfecting-powder-foundation-concealer-P426374?icid2=products grid:p426374,,kaggle:utkarshx27/makeup-shades
Clinique,18,18,frio,#c89b71,matte,$25-$29,Talc- Octyldodecyl Stearoyl Stearate- Zinc Stearate- Zinc Laurate- Dimethicone- Bentonite- Hdi/Trimethylol Hexyllactone Crosspolymer- Silica- Astrocaryum Murumuru Seed Butter- Glycerin- Squalane- Lauroyl Lysine- Hydrolyzed Soy Protein- Cetearyl Dimethicone Crosspolymer- Lecithin- Tocopheryl Acetate- Tetrahexyldecyl Ascorbate- Water- Magnesium Myristate- Potassium Sorbate- Coconut Acid- Tetrasodium Edta- Chlorphenesin- [+/- Mica- Titanium Dioxide (Ci 77891)- Iron Oxides (Ci 77491)- Iron Oxides (Ci 77492)- Iron Oxides (Ci 77499)- Ultramarines (Ci 77007)- Bismuth Oxychloride (Ci 77163)- Red 7 Lake (Ci 15850)- Blue 1 Lake (Ci 42090)- Carmine (Ci 75470)].,sephora,,,,https://www.sephora.com/product/beyond-perfecting-powder-foundation-concealer-P426374?icid2=products grid:p426374,,kaggle:utkarshx27/makeup-shades
Clinique,24,24,quente,#b3743e,matte,$25-$29,Talc- Octyldodecyl Stearoyl Stearate- Zinc Stearate- Zinc Laurate- Dimethicone- Bentonite- Hdi/Trimethylol Hexyllactone Crosspolymer- Silica- Astrocaryum Murumuru Seed Butter- Glycerin- Squalane- Lauroyl Lysine- Hydrolyzed Soy Protein- Cetearyl Dimethicone Crosspolymer- Lecithin- Tocopheryl Acetate- Tetrahexyldecyl Ascorbate- Water- Magnesium Myristate- Potassium Sorbate- Coconut Acid- Tetrasodium Edta- Chlorphenesin- [+/- Mica- Titanium Dioxide (Ci 77891)- Iron Oxides (Ci 77491)- Iron Oxides (Ci 77492)- Iron Oxides (Ci 77499)- Ultramarines (Ci 77007)- Bismuth Oxychloride (Ci 77163)- Red 7 Lake (Ci 15850)- Blue 1 Lake (Ci 42090)- Carmine (Ci 75470)].,sephora,,,,https://www.sephora.com/product/beyond-perfecting-powder-foundation-concealer-P426374?icid2=products grid:p426374,,kaggle:utkarshx27/makeup-shades
Clinique,26,26,quente,#995d2a,matte,$25-$29,Talc- Octyldodecyl Stearoyl Stearate- Zinc Stearate- Zinc Laurate- Dimethicone- Bentonite- Hdi/Trimethylol Hexyllactone Crosspolymer- Silica- Astrocaryum Murumuru Seed Butter- Glycerin- Squalane- Lauroyl Lysine- Hydrolyzed Soy Protein- Cetearyl Dimethicone Crosspolymer- Lecithin- Tocopheryl Acetate- Tetrahexyldecyl Ascorbate- Water- Magnesium Myristate- Potassium Sorbate- Coconut Acid- Tetrasodium Edta- Chlorphenesin- [+/- Mica- Titanium Dioxide (Ci 77891)- Iron Oxides (Ci 77491)- Iron Oxides (Ci 77492)- Iron Oxides (Ci 77499)- Ultramarines (Ci 77007)- Bismuth Oxychloride (Ci 77163)- Red 7 Lake (Ci 15850)- Blue 1 Lake (Ci 42090)- Carmine (Ci 75470)].,sephora,,,,https://www.sephora.com/product/beyond-perfecting-powder-foundation-concealer-P426374?icid2=products grid:p426374,,kaggle:utkarshx27/makeup-shades
Clinique,CN 0.5,CN,frio,#f7eadf,hydrating,$25-$29,,,True,,,https://www.sephora.com/product/beyond-perfecting-foundation-concealer-P393325?icid2=products grid:p393325,,kaggle:utkarshx27/makeup-shades
Clinique,CN 0.75,CN,frio,#f5e5d8,hydrating,$25-$29,,,True,,,https://www.sephora.com/product/beyond-perfecting-foundation-concealer-P393325?icid2=products grid:p393325,,kaggle:utkarshx27/makeup-shades
Clinique,CN 02,CN,frio,#feead6,hydrating,$25-$29,,,True,,,https://www.sephora.com/product/beyond-perfecting-foundation-concealer-P393325?icid2=products grid:p393325,,kaggle:utkarshx27/makeup-shades
Clinique,CN 08,CN,frio,#f4dfcf,hydrating,$25-$29,,,True,,,https://www.sephora.com/product/beyond-perfecting-foundation-concealer-P393325?icid2=products grid:p393325,,kaggle:utkarshx27/makeup-shades
Clinique,CN 10,CN,frio,#f1c9ae,hydrating,$25-$29,,,True,,,https://www.sephora.com/product/beyond-perfecting-foundation-concealer-P393325?icid2=products grid:p393325,,kaggle:utkarshx27/makeup-shades
Clinique,CN 117,CN,frio,#9a6d55,hydrating,$25-$29,,,True,,,https://www.sephora.com/product/beyond-perfecting-foundation-concealer-P393325?icid2=products grid:p393325,,kaggle:utkarshx27/makeup-shades
Clinique,CN 127,CN,frio,#6f4a3b,hydrating,$25-$29,,,True,,,https://www.sephora.com/product/beyond-perfecting-foundation-concealer-P393325?icid2=products grid:p393325,,kaggle:utkarshx27/makeup-shades
Clinique,CN 18,CN,frio,#e8bd99,hydrating,$25-$29,,,True,,,https://www.sephora.com/product/beyond-perfecting-foundation-concealer-P393325?icid2=products grid:p393325,,kaggle:utkarshx27/makeup-shades
Clinique,CN 20,CN,frio,#f1bf9e,hydrating,$25-$29,,,True,,,https://www.sephora.com/product/beyond-perfecting-foundation-concealer-P393325?icid2=products grid:p393325,,kaggle:utkarshx27/makeup-shades
Clinique,CN 28,CN,frio,#e5bd9f,hydrating,$25-$29,,,True,,,https://www.sephora.com/product/beyond-perfecting-foundation-concealer-P393325?icid2=products grid:p393325,,kaggle:utkarshx27/makeup-shades
Clinique,CN 32,CN,frio,#f2c9a9,hydrating,$25-$29,,,True,,,https://www.sephora.com/product/beyond-perfecting-foundation-concealer-P393325?icid2=products grid:p393325,,kaggle:utkarshx27/makeup-shades
Clinique,CN 40,CN,frio,#deb192,hydrating,$25-$29,,,True,,,https://www.sephora.com/product/beyond-perfecting-foundation-concealer-P393325?icid2=products grid:p393325,,kaggle:utkarshx27/makeup-shades
Clinique,CN 52,CN,frio,#ddab86,hydrating,$25-$29,,,True,,,https://www.sephora.com/product/beyond-perfecting-foundation-concealer-P393325?icid2=products grid:p393325,,kaggle:utkarshx27/makeup-shades
Clinique,CN 58,CN,frio,#dba879,hydrating,$25-$29,,,True,,,https://www.sephora.com/product/beyond-perfecting-foundation-concealer-P393325?icid2=products grid:p393325,,kaggle:utkarshx27/makeup-shades
Clinique,CN 70,CN,frio,#d6a682,hydrating,$25-$29,,,True,,,https://www.sephora.com/product/beyond-perfecting-foundation-concealer-P393325?icid2=products grid:p393325,,kaggle:utkarshx27/makeup-shades
Clinique,CN 74,CN,frio,#d09b73,hydrating,$25-$29,,,True,,,https://www.sephora.com/product/beyond-perfecting-foundation-concealer-P393325?icid2=products grid:p393325,,kaggle:utkarshx27/makeup-shades
Clinique,CN 78,CN,frio,#ce9467,hydrating,$25-$29,,,True,,,https://www.sephora.com/product/beyond-perfecting-foundation-concealer-P393325?icid2=products grid:p393325,,kaggle:utkarshx27/makeup-shades
Clinique,CN 90,CN,frio,#c89b71,hydrating,$25-$29,,,True,,,https://www.sephora.com/product/beyond-perfecting-foundation-concealer-P393325?icid2=products grid:p393325,,kaggle:utkarshx27/makeup-shades
Clinique,NA,NA,neutro,#bf7b43,matte,$25-$29,Talc- Octyldodecyl Stearoyl Stearate- Zinc Stearate- Zinc Laurate- Dimethicone- Bentonite- Hdi/Trimethylol Hexyllactone Crosspolymer- Silica- Astrocaryum Murumuru Seed Butter- Glycerin- Squalane- Lauroyl Lysine- Hydrolyzed Soy Protein- Cetearyl Dimethicone Crosspolymer- Lecithin- Tocopheryl Acetate- Tetrahexyldecyl Ascorbate- Water- Magnesium Myristate- Potassium Sorbate- Coconut Acid- Tetrasodium Edta- Chlorphenesin- [+/- Mica- Titanium Dioxide (Ci 77891)- Iron Oxides (Ci 77491)- Iron Oxides (Ci 77492)- Iron Oxides (Ci 77499)- Ultramarines (Ci 77007)- Bismuth Oxychloride (Ci 77163)- Red 7 Lake (Ci 15850)- Blue 1 Lake (Ci 42090)- Carmine (Ci 75470)].,sephora,,,,https://www.sephora.com/product/beyond-perfecting-powder-foundation-concealer-P426374?icid2=products grid:p426374,,kaggle:utkarshx27/makeup-shades
Clinique,NA,NA,neutro,#e3c5b2,hydrating,$35-$39,-Octinoxate 7.50% - Octisalate 5.00% - Titanium Dioxide 5.20% - Zinc Oxide 3.20%: Sunscreens. Water- Squalane- Octyldodecyl Neopentanoate- Butylene Glycol- Propanediol- Glyceryl Stearate- Behenyl Alcohol- Peg-40 Stearate- Polyglyceryl-10 Pentastearate- Aloe Barbadensis Leaf Water- Thermus Thermophillus Ferment- Trehalose- Caffeine- Glycerin- Linoleic Acid- Lecithin- Stearic Acid- Hydrogenated Lecithin- Sorbitol- Polyglyceryl-6 Polyricinoleate- Tocopheryl Acetate- Ammonium Acryloyldimethyltaurate/Vp Copolymer- Sodium Stearoyl Lactylate- Sodium Hyaluronate- Tetrahexyldecyl Ascorbate- Pentaerythrityl Tetra-Di-T-Butyl Hydroxyhydrocinnamate- Isopropyl Titanium Triisostearate- Synthetic Fluorphlogopite- Xanthan Gum- Silica- Alumina- Sodium Dehydroacetate- Tin Oxide- Disodium Edta- Phenoxyethanol- [+/- Mica- Titanium Dioxide (Ci 77891)- Iron Oxides (Ci 77492)- Iron Oxides (Ci 77491)- Iron Oxides (Ci 77499)].,sephora,,,,https://www.sephora.com/product/moisture-surge-cc-cream-hydrating-colour-corrector-broad-spectrum-spf-30-P378639?icid2=products grid:p378639,,kaggle:utkarshx27/makeup-shades
Clinique,WN 01,WN,quente,#efe3da,hydrating,$25-$29,,,True,,,https://www.sephora.com/product/beyond-perfecting-foundation-concealer-P393325?icid2=products grid:p393325,,kaggle:utkarshx27/makeup-shades
Clinique,WN 04,WN,quente,#f1cfb3,hydrating,$25-$29,,,True,,,https://www.sephora.com/product/beyond-perfecting-foundation-concealer-P393325?icid2=products grid:p393325,,kaggle:utkarshx27/makeup-shades
Clinique,WN 112,WN,quente,#bf7b43,hydrating,$25-$29,,,True,,,https://www.sephora.com/product/beyond-perfecting-foundation-concealer-P393325?icid2=products grid:p393325,,kaggle:utkarshx27/makeup-shades
Clinique,WN 114,WN,quente,#b3743e,hydrating,$25-$29,,,True,,,https://www.sephora.com/product/beyond-perfecting-foundation-concealer-P393325?icid2=products grid:p393325,,kaggle:utkarshx27/makeup-shades
Clinique,WN 118,WN,quente,#995d2a,hydrating,$25-$29,,,True,,,https://www.sephora.com/product/beyond-perfecting-foundation-concealer-P393325?icid2=products grid:p393325,,kaggle:utkarshx27/makeup-shades
Clinique,WN 12,WN,quente,#e5b88d,hydrating,$25-$29,,,True,,,https://www.sephora.com/product/beyond-perfecting-foundation-concealer-P393325?icid2=products grid:p393325,,kaggle:utkarshx27/makeup-shades
Clinique,WN 122,WN,quente,#8f5435,hydrating,$25-$29,,,True,,,https://www.sephora.com/product/beyond-perfecting-foundation-concealer-P393325?icid2=products grid:p393325,,kaggle:utkarshx27/makeup-shades
Clinique,WN 125,WN,quente,#815641,hydrating,$25-$29,,,True,,,https://www.sephora.com/product/beyond-perfecting-foundation-concealer-P393325?icid2=products grid:p393325,,kaggle:utkarshx27/makeup-shades
Clinique,WN 22,WN,quente,#e6ad7e,hydrating,$25-$29,,,True,,,https://www.sephora.com/product/beyond-perfecting-foundation-concealer-P393325?icid2=products grid:p393325,,kaggle:utkarshx27/makeup-shades
Clinique,WN 24,WN,quente,#dbac81,hydrating,$25-$29,,,True,,,https://www.sephora.com/product/beyond-perfecting-foundation-concealer-P393325?icid2=products grid:p393325,,kaggle:utkarshx27/makeup-shades
Clinique,WN 30,WN,quente,#e1ab87,hydrating,$25-$29,,,True,,,https://www.sephora.com/product/beyond-perfecting-foundation-concealer-P393325?icid2=products grid:p393325,,kaggle:utkarshx27/makeup-shades
Clinique,WN 38,WN,quente,#e3b28e,hydrating,$25-$29,,,True,,,https://www.sephora.com/product/beyond-perfecting-foundation-concealer-P393325?icid2=products grid:p393325,,kaggle:utkarshx27/makeup-shades
Clinique,WN 46,WN,quente,#e2b185,hydrating,$25-$29,,,True,,,https://www.sephora.com/product/beyond-perfecting-foundation-concealer-P393325?icid2=products grid:p393325,,kaggle:utkarshx27/makeup-shades
Clinique,WN 48,WN,quente,#dca27c,hydrating,$25-$29,,,True,,,https://www.sephora.com/product/beyond-perfecting-foundation-concealer-P393325?icid2=products grid:p393325,,kaggle:utkarshx27/makeup-shades
Clinique,WN 54,WN,quente,#d9a374,hydrating,$25-$29,,,True,,,https://www.sephora.com/product/beyond-perfecting-foundation-concealer-P393325?icid2=products grid:p393325,,kaggle:utkarshx27/makeup-shades
Clinique,WN 76,WN,frio,#c38b5f,hydrating,$25-$29,,,True,,,https://www.sephora.com/product/beyond-perfecting-foundation-concealer-P393325?icid2=products grid:p393325,,kaggle:utkarshx27/makeup-shades
Clinique,WN 96,WN,quente,#d7955b,hydrating,$25-$29,,,True,,,https://www.sephora.com/product/beyond-perfecting-foundation-concealer-P393325?icid2=products grid:p393325,,kaggle:utkarshx27/makeup-shades
Clinique,WN 98,WN,quente,#c88852,hydrating,$25-$29,,,True,,,https://www.sephora.com/product/beyond-perfecting-foundation-concealer-P393325?icid2=products grid:p393325,,kaggle:utkarshx27/makeup-shades
Milani,NA,NA,neutro,#f2dfcf,natural,unknown,,,,,,https://www.ulta.com/conceal-perfect-2-in-1-foundation-concealer?productId=xlsImpprod17081067,,kaggle:utkarshx27/makeup-shades
PÜR,DG1,DG1,quente,#c9986f,natural,unknown,,,,,,https://www.ulta.com/4-in-1-love-your-selfie-longwear-foundation-concealer?productId=pimprod2005671,,kaggle:utkarshx27/makeup-shades
PÜR,DG3,DG3,quente,#c9986f,natural,unknown,,,,,,https://www.ulta.com/4-in-1-love-your-selfie-longwear-foundation-concealer?productId=pimprod2005671,,kaggle:utkarshx27/makeup-shades
PÜR,DG6,DG6,quente,#a16138,natural,unknown,,,,,,https://www.ulta.com/4-in-1-love-your-selfie-longwear-foundation-concealer?productId=pimprod2005671,,kaggle:utkarshx27/makeup-shades
PÜR,DN2,DN2,quente,#ac7b5a,natural,unknown,,,,,,https://www.ulta.com/4-in-1-love-your-selfie-longwear-foundation-concealer?productId=pimprod2005671,,kaggle:utkarshx27/makeup-shades
PÜR,DN5,DN5,quente,#aa7755,natural,unknown,,,,,,https://www.ulta.com/4-in-1-love-your-selfie-longwear-foundation-concealer?productId=pimprod2005671,,kaggle:utkarshx27/makeup-shades
PÜR,DN7,DN7,quente,#996140,natural,unknown,,,,,,https://www.ulta.com/4-in-1-love-your-selfie-longwear-foundation-concealer?productId=pimprod2005671,,kaggle:utkarshx27/makeup-shades
PÜR,DP1,DP1,frio,#c99782,natural,unknown,,,,,,https://www.ulta.com/4-in-1-love-your-selfie-longwear-foundation-concealer?productId=pimprod2005671,,kaggle:utkarshx27/makeup-shades
PÜR,DP3,DP3,frio,#c5907b,natural,unknown,,,,,,https://www.ulta.com/4-in-1-love-your-selfie-longwear-foundation-concealer?productId=pimprod2005671,,kaggle:utkarshx27/makeup-shades
PÜR,DPG1,DPG1,quente,#815545,natural,unknown,,,,,,https://www.ulta.com/4-in-1-love-your-selfie-longwear-foundation-concealer?productId=pimprod2005671,,kaggle:utkarshx27/makeup-shades
PÜR,DPN2,DPN2,quente,#593c35,natural,unknown,,,,,,https://www.ulta.com/4-in-1-love-your-selfie-longwear-foundation-concealer?productId=pimprod2005671,,kaggle:utkarshx27/makeup-shades
PÜR,DPN4,DPN4,quente,#503630,natural,unknown,,,,,,https://www.ulta.com/4-in-1-love-your-selfie-longwear-foundation-concealer?productId=pimprod2005671,,kaggle:utkarshx27/makeup-shades
PÜR,DPN6,DPN6,quente,#47302c,natural,unknown,,,,,,https://www.ulta.com/4-in-1-love-your-selfie-longwear-foundation-concealer?productId=pimprod2005671,,kaggle:utkarshx27/makeup-shades
PÜR,DPP1,DPP1,frio,#643834,natural,unknown,,,,,,https://www.ulta.com/4-in-1-love-your-selfie-longwear-foundation-concealer?productId=pimprod2005671,,kaggle:utkarshx27/makeup-shades
PÜR,DPP4,DPP4,frio,#56332c,natural,unknown,,,,,,https://www.ulta.com/4-in-1-love-your-selfie-longwear-foundation-concealer?productId=pimprod2005671,,kaggle:utkarshx27/makeup-shades
PÜR,DPP6,DPP6,frio,#57302d,natural,unknown,,,,,,https://www.ulta.com/4-in-1-love-your-selfie-longwear-foundation-concealer?productId=pimprod2005671,,kaggle:utkarshx27/makeup-shades
PÜR,LG3,LG3,quente,#f2e4d6,natural,unknown,,,,,,https://www.ulta.com/4-in-1-love-your-selfie-longwear-foundation-concealer?productId=pimprod2005671,,kaggle:utkarshx27/makeup-shades
PÜR,LG6,LG6,quente,#e5cab0,natural,unknown,,,,,,https://www.ulta.com/4-in-1-love-your-selfie-longwear-foundation-concealer?productId=pimprod2005671,,kaggle:utkarshx27/makeup-shades
PÜR,LN1,LN1,quente,#ece0d6,natural,unknown,,,,,,https://www.ulta.com/4-in-1-love-your-selfie-longwear-foundation-concealer?productId=pimprod2005671,,kaggle:utkarshx27/makeup-shades
PÜR,LN2,LN2,quente,#ece0d6,natural,unknown,,,,,,https://www.ulta.com/4-in-1-love-your-selfie-longwear-foundation-concealer?productId=pimprod2005671,,kaggle:utkarshx27/makeup-shades
PÜR,LN4,LN4,quente,#d9c3b1,natural,unknown,,,,,,https://www.ulta.com/4-in-1-love-your-selfie-longwear-foundation-concealer?productId=pimprod2005671,,kaggle:utkarshx27/makeup-shades
PÜR,LN6,LN6,quente,#dcc4b0,natural,unknown,,,,,,https://www.ulta.com/4-in-1-love-your-selfie-longwear-foundation-concealer?productId=pimprod2005671,,kaggle:utkarshx27/makeup-shades
PÜR,LP2,LP2,frio,#f0dfd6,natural,unknown,,,,,,https://www.ulta.com/4-in-1-love-your-selfie-longwear-foundation-concealer?productId=pimprod2005671,,kaggle:utkarshx27/makeup-shades
PÜR,LP4,LP4,frio,#f0dfd6,natural,unknown,,,,,,https://www.ulta.com/4-in-1-love-your-selfie-longwear-foundation-concealer?productId=pimprod2005671,,kaggle:utkarshx27/makeup-shades
PÜR,MG2,MG2,quente,#e0c3a9,natural,unknown,,,,,,https://www.ulta.com/4-in-1-love-your-selfie-longwear-foundation-concealer?productId=pimprod2005671,,kaggle:utkarshx27/makeup-shades
PÜR,MG5,MG5,quente,#d2ae91,natural,unknown,,,,,,https://www.ulta.com/4-in-1-love-your-selfie-longwear-foundation-concealer?productId=pimprod2005671,,kaggle:utkarshx27/makeup-shades
PÜR,MG7,MG7,quente,#cfa786,natural,unknown,,,,,,https://www.ulta.com/4-in-1-love-your-selfie-longwear-foundation-concealer?productId=pimprod2005671,,kaggle:utkarshx27/makeup-shades
PÜR,MN1,MN1,quente,#ccb29c,natural,unknown,,,,,,https://www.ulta.com/4-in-1-love-your-selfie-longwear-foundation-concealer?productId=pimprod2005671,,kaggle:utkarshx27/makeup-shades
PÜR,MN3,MN3,quente,#dcc2ae,natural,unknown,,,,,,https://www.ulta.com/4-in-1-love-your-selfie-longwear-foundation-concealer?productId=pimprod2005671,,kaggle:utkarshx27/makeup-shades
PÜR,MN5,MN5,quente,#cdb099,natural,unknown,,,,,,https://www.ulta.com/4-in-1-love-your-selfie-longwear-foundation-concealer?productId=pimprod2005671,,kaggle:utkarshx27/makeup-shades
PÜR,MP1,MP1,frio,#e3c2b0,natural,unknown,,,,,,https://www.ulta.com/4-in-1-love-your-selfie-longwear-foundation-concealer?productId=pimprod2005671,,kaggle:utkarshx27/makeup-shades
PÜR,MP3,MP3,frio,#d6ae9a,natural,unknown,,,,,,https://www.ulta.com/4-in-1-love-your-selfie-longwear-foundation-concealer?productId=pimprod2005671,,kaggle:utkarshx27/makeup-shades
PÜR,TG1,TG1,quente,#d2af8d,natural,unknown,,,,,,https://www.ulta.com/4-in-1-love-your-selfie-longwear-foundation-concealer?productId=pimprod2005671,,kaggle:utkarshx27/makeup-shades
PÜR,TG3,TG3,quente,#cfa783,natural,unknown,,,,,,https://www.ulta.com/4-in-1-love-your-selfie-longwear-foundation-concealer?productId=pimprod2005671,,kaggle:utkarshx27/makeup-shades
PÜR,TG6,TG6,quente,#cb9e77,natural,unknown,,,,,,https://www.ulta.com/4-in-1-love-your-selfie-longwear-foundation-concealer?productId=pimprod2005671,,kaggle:utkarshx27/makeup-shades
PÜR,TN1,TN1,quente,#cdad93,natural,unknown,,,,,,https://www.ulta.com/4-in-1-love-your-selfie-longwear-foundation-concealer?productId=pimprod2005671,,kaggle:utkarshx27/makeup-shades
PÜR,TN3,TN3,quente,#cba88c,natural,unknown,,,,,,https://www.ulta.com/4-in-1-love-your-selfie-longwear-foundation-concealer?productId=pimprod2005671,,kaggle:utkarshx27/makeup-shades
PÜR,TN5,TN5,quente,#c8a385,natural,unknown,,,,,,https://www.ulta.com/4-in-1-love-your-selfie-longwear-foundation-concealer?productId=pimprod2005671,,kaggle:utkarshx27/makeup-shades
PÜR,TP2,TP2,frio,#d3b29f,natural,unknown,,,,,,https://www.ulta.com/4-in-1-love-your-selfie-longwear-foundation-concealer?productId=pimprod2005671,,kaggle:utkarshx27/makeup-shades
PÜR,TP4,TP4,frio,#d3a78f,natural,unknown,,,,,,https://www.ulta.com/4-in-1-love-your-selfie-longwear-foundation-concealer?productId=pimprod2005671,,kaggle:utkarshx27/makeup-shades
SEPHORA COLLECTION,1,1,frio,#e8c6ad,matte,$20-$24,-Cranberry and Pomegranate Seed Oils: Soothe skin for optimal makeup application. Hydrogenated Polyisobutene- Polymethylsilsesquioxane- Polyglyceryl-2 Diisostearate- Polyethylene- Barium Sulfate- Butyrospermum Parkii Butter (Butyrospermum Parkii (Shea Butter))- Coco-Caprylate/Caprate- Isononyl Isononanoate- Octyldodecanol- Cocos Nucifera (Coconut) Oil- Synthetic Wax- Ethylhexyl Isononanoate- Ricinus Communis (Castor) Seed Oil- Vaccinium Macrocarpon (Cranberry) Seed Oil- Phenoxyethanol- Tocopherol- Caprylyl Glycol- Triethoxycaprylylsilane- Helianthus Annuus (Sunflower) Seed Oil- Punica Granatum Seed Oil- Sodium Hyaluronate- Ascorbyl Palmitate- Hydrogenated Castor Oil. (+/-): CI 77891 (Titanium Dioxide)- CI 77163 (Bismuth Oxychloride)- CI 77491/CI 77492/CI 77499 (Iron Oxides).,sephora,,,,https://www.sephora.com/product/make-no-mistake-foundation-concealer-stick-P420440?skuId=1887447&icid2=products grid:p420440,,kaggle:utkarshx27/makeup-shades
SEPHORA COLLECTION,12,12,frio,#cf9370,matte,$20-$24,-Cranberry and Pomegranate Seed Oils: Soothe skin for optimal makeup application. Hydrogenated Polyisobutene- Polymethylsilsesquioxane- Polyglyceryl-2 Diisostearate- Polyethylene- Barium Sulfate- Butyrospermum Parkii Butter (Butyrospermum Parkii (Shea Butter))- Coco-Caprylate/Caprate- Isononyl Isononanoate- Octyldodecanol- Cocos Nucifera (Coconut) Oil- Synthetic Wax- Ethylhexyl Isononanoate- Ricinus Communis (Castor) Seed Oil- Vaccinium Macrocarpon (Cranberry) Seed Oil- Phenoxyethanol- Tocopherol- Caprylyl Glycol- Triethoxycaprylylsilane- Helianthus Annuus (Sunflower) Seed Oil- Punica Granatum Seed Oil- Sodium Hyaluronate- Ascorbyl Palmitate- Hydrogenated Castor Oil. (+/-): CI 77891 (Titanium Dioxide)- CI 77163 (Bismuth Oxychloride)- CI 77491/CI 77492/CI 77499 (Iron Oxides).,sephora,,,,https://www.sephora.com/product/make-no-mistake-foundation-concealer-stick-P420440?skuId=1887447&icid2=products grid:p420440,,kaggle:utkarshx27/makeup-shades
SEPHORA COLLECTION,13,13,quente,#ca846c,matte,$20-$24,-Cranberry and Pomegranate Seed Oils: Soothe skin for optimal makeup application. Hydrogenated Polyisobutene- Polymethylsilsesquioxane- Polyglyceryl-2 Diisostearate- Polyethylene- Barium Sulfate- Butyrospermum Parkii Butter (Butyrospermum Parkii (Shea Butter))- Coco-Caprylate/Caprate- Isononyl Isononanoate- Octyldodecanol- Cocos Nucifera (Coconut) Oil- Synthetic Wax- Ethylhexyl Isononanoate- Ricinus Communis (Castor) Seed Oil- Vaccinium Macrocarpon (Cranberry) Seed Oil- Phenoxyethanol- Tocopherol- Caprylyl Glycol- Triethoxycaprylylsilane- Helianthus Annuus (Sunflower) Seed Oil- Punica Granatum Seed Oil- Sodium Hyaluronate- Ascorbyl Palmitate- Hydrogenated Castor Oil. (+/-): CI 77891 (Titanium Dioxide)- CI 77163 (Bismuth Oxychloride)- CI 77491/CI 77492/CI 77499 (Iron Oxides).,sephora,,,,https://www.sephora.com/product/make-no-mistake-foundation-concealer-stick-P420440?skuId=1887447&icid2=products grid:p420440,,kaggle:utkarshx27/makeup-shades
SEPHORA COLLECTION,14,14,frio,#ac6554,matte,$20-$24,-Cranberry and Pomegranate Seed Oils: Soothe skin for optimal makeup application. Hydrogenated Polyisobutene- Polymethylsilsesquioxane- Polyglyceryl-2 Diisostearate- Polyethylene- Barium Sulfate- Butyrospermum Parkii Butter (Butyrospermum Parkii (Shea Butter))- Coco-Caprylate/Caprate- Isononyl Isononanoate- Octyldodecanol- Cocos Nucifera (Coconut) Oil- Synthetic Wax- Ethylhexyl Isononanoate- Ricinus Communis (Castor) Seed Oil- Vaccinium Macrocarpon (Cranberry) Seed Oil- Phenoxyethanol- Tocopherol- Caprylyl Glycol- Triethoxycaprylylsilane- Helianthus Annuus (Sunflower) Seed Oil- Punica Granatum Seed Oil- Sodium Hyaluronate- Ascorbyl Palmitate- Hydrogenated Castor Oil. (+/-): CI 77891 (Titanium Dioxide)- CI 77163 (Bismuth Oxychloride)- CI 77491/CI 77492/CI 77499 (Iron Oxides).,sephora,,,,https://www.sephora.com/product/make-no-mistake-foundation-concealer-stick-P420440?skuId=1887447&icid2=products grid:p420440,,kaggle:utkarshx27/makeup-shades
SEPHORA COLLECTION,15,15,frio,#9d6559,matte,$20-$24,-Cranberry and Pomegranate Seed Oils: Soothe skin for optimal makeup application. Hydrogenated Polyisobutene- Polymethylsilsesquioxane- Polyglyceryl-2 Diisostearate- Polyethylene- Barium Sulfate- Butyrospermum Parkii Butter (Butyrospermum Parkii (Shea Butter))- Coco-Caprylate/Caprate- Isononyl Isononanoate- Octyldodecanol- Cocos Nucifera (Coconut) Oil- Synthetic Wax- Ethylhexyl Isononanoate- Ricinus Communis (Castor) Seed Oil- Vaccinium Macrocarpon (Cranberry) Seed Oil- Phenoxyethanol- Tocopherol- Caprylyl Glycol- Triethoxycaprylylsilane- Helianthus Annuus (Sunflower) Seed Oil- Punica Granatum Seed Oil- Sodium Hyaluronate- Ascorbyl Palmitate- Hydrogenated Castor Oil. (+/-): CI 77891 (Titanium Dioxide)- CI 77163 (Bismuth Oxychloride)- CI 77491/CI 77492/CI 77499 (Iron Oxides).,sephora,,,,https://www.sephora.com/product/make-no-mistake-foundation-concealer-stick-P420440?skuId=1887447&icid2=products grid:p420440,,kaggle:utkarshx27/makeup-shades
SEPHORA COLLECTION,16,16,frio,#996b63,matte,$20-$24,-Cranberry and Pomegranate Seed Oils: Soothe skin for optimal makeup application. Hydrogenated Polyisobutene- Polymethylsilsesquioxane- Polyglyceryl-2 Diisostearate- Polyethylene- Barium Sulfate- Butyrospermum Parkii Butter (Butyrospermum Parkii (Shea Butter))- Coco-Caprylate/Caprate- Isononyl Isononanoate- Octyldodecanol- Cocos Nucifera (Coconut) Oil- Synthetic Wax- Ethylhexyl Isononanoate- Ricinus Communis (Castor) Seed Oil- Vaccinium Macrocarpon (Cranberry) Seed Oil- Phenoxyethanol- Tocopherol- Caprylyl Glycol- Triethoxycaprylylsilane- Helianthus Annuus (Sunflower) Seed Oil- Punica Granatum Seed Oil- Sodium Hyaluronate- Ascorbyl Palmitate- Hydrogenated Castor Oil. (+/-): CI 77891 (Titanium Dioxide)- CI 77163 (Bismuth Oxychloride)- CI 77491/CI 77492/CI 77499 (Iron Oxides).,sephora,,,,https://www.sephora.com/product/make-no-mistake-foundation-concealer-stick-P420440?skuId=1887447&icid2=products grid:p420440,,kaggle:utkarshx27/makeup-shades
SEPHORA COLLECTION,2,2,neutro,#e4c3b1,matte,$20-$24,-Cranberry and Pomegranate Seed Oils: Soothe skin for optimal makeup application. Hydrogenated Polyisobutene- Polymethylsilsesquioxane- Polyglyceryl-2 Diisostearate- Polyethylene- Barium Sulfate- Butyrospermum Parkii Butter (Butyrospermum Parkii (Shea Butter))- Coco-Caprylate/Caprate- Isononyl Isononanoate- Octyldodecanol- Cocos Nucifera (Coconut) Oil- Synthetic Wax- Ethylhexyl Isononanoate- Ricinus Communis (Castor) Seed Oil- Vaccinium Macrocarpon (Cranberry) Seed Oil- Phenoxyethanol- Tocopherol- Caprylyl Glycol- Triethoxycaprylylsilane- Helianthus Annuus (Sunflower) Seed Oil- Punica Granatum Seed Oil- Sodium Hyaluronate- Ascorbyl Palmitate- Hydrogenated Castor Oil. (+/-): CI 77891 (Titanium Dioxide)- CI 77163 (Bismuth Oxychloride)- CI 77491/CI 77492/CI 77499 (Iron Oxides).,sephora,,,,https://www.sephora.com/product/make-no-mistake-foundation-concealer-stick-P420440?skuId=1887447&icid2=products grid:p420440,,kaggle:utkarshx27/makeup-shades
SEPHORA COLLECTION,3,3,quente,#e7c3a8,matte,$20-$24,-Cranberry and Pomegranate Seed Oils: Soothe skin for optimal makeup application. Hydrogenated Polyisobutene- Polymethylsilsesquioxane- Polyglyceryl-2 Diisostearate- Polyethylene- Barium Sulfate- Butyrospermum Parkii Butter (Butyrospermum Parkii (Shea Butter))- Coco-Caprylate/Caprate- Isononyl Isononanoate- Octyldodecanol- Cocos Nucifera (Coconut) Oil- Synthetic Wax- Ethylhexyl Isononanoate- Ricinus Communis (Castor) Seed Oil- Vaccinium Macrocarpon (Cranberry) Seed Oil- Phenoxyethanol- Tocopherol- Caprylyl Glycol- Triethoxycaprylylsilane- Helianthus Annuus (Sunflower) Seed Oil- Punica Granatum Seed Oil- Sodium Hyaluronate- Ascorbyl Palmitate- Hydrogenated Castor Oil. (+/-): CI 77891 (Titanium Dioxide)- CI 77163 (Bismuth Oxychloride)- CI 77491/CI 77492/CI 77499 (Iron Oxides).,sephora,,,,https://www.sephora.com/product/make-no-mistake-foundation-concealer-stick-P420440?skuId=1887447&icid2=products grid:p420440,,kaggle:utkarshx27/makeup-shades
SEPHORA COLLECTION,5,5,frio,#e2b096,matte,$20-$24,-Cranberry and Pomegranate Seed Oils: Soothe skin for optimal makeup application. Hydrogenated Polyisobutene- Polymethylsilsesquioxane- Polyglyceryl-2 Diisostearate- Polyethylene- Barium Sulfate- Butyrospermum Parkii Butter (Butyrospermum Parkii (Shea Butter))- Coco-Caprylate/Caprate- Isononyl Isononanoate- Octyldodecanol- Cocos Nucifera (Coconut) Oil- Synthetic Wax- Ethylhexyl Isononanoate- Ricinus Communis (Castor) Seed Oil- Vaccinium Macrocarpon (Cranberry) Seed Oil- Phenoxyethanol- Tocopherol- Caprylyl Glycol- Triethoxycaprylylsilane- Helianthus Annuus (Sunflower) Seed Oil- Punica Granatum Seed Oil- Sodium Hyaluronate- Ascorbyl Palmitate- Hydrogenated Castor Oil. (+/-): CI 77891 (Titanium Dioxide)- CI 77163 (Bismuth Oxychloride)- CI 77491/CI 77492/CI 77499 (Iron Oxides).,sephora,,,,https://www.sephora.com/product/make-no-mistake-foundation-concealer-stick-P420440?skuId=1887447&icid2=products grid:p420440,,kaggle:utkarshx27/makeup-shades
SEPHORA COLLECTION,6,6,quente,#e0bba0,matte,$20-$24,-Cranberry and Pomegranate Seed Oils: Soothe skin for optimal makeup application. Hydrogenated Polyisobutene- Polymethylsilsesquioxane- Polyglyceryl-2 Diisostearate- Polyethylene- Barium Sulfate- Butyrospermum Parkii Butter (Butyrospermum Parkii (Shea Butter))- Coco-Caprylate/Caprate- Isononyl Isononanoate- Octyldodecanol- Cocos Nucifera (Coconut) Oil- Synthetic Wax- Ethylhexyl Isononanoate- Ricinus Communis (Castor) Seed Oil- Vaccinium Macrocarpon (Cranberry) Seed Oil- Phenoxyethanol- Tocopherol- Caprylyl Glycol- Triethoxycaprylylsilane- Helianthus Annuus (Sunflower) Seed Oil- Punica Granatum Seed Oil- Sodium Hyaluronate- Ascorbyl Palmitate- Hydrogenated Castor Oil. (+/-): CI 77891 (Titanium Dioxide)- CI 77163 (Bismuth Oxychloride)- CI 77491/CI 77492/CI 77499 (Iron Oxides).,sephora,,,,https://www.sephora.com/product/make-no-mistake-foundation-concealer-stick-P420440?skuId=1887447&icid2=products grid:p420440,,kaggle:utkarshx27/makeup-shades
SEPHORA COLLECTION,7,7,quente,#dfaf8e,matte,$20-$24,-Cranberry and Pomegranate Seed Oils: Soothe skin for optimal makeup application. Hydrogenated Polyisobutene- Polymethylsilsesquioxane- Polyglyceryl-2 Diisostearate- Polyethylene- Barium Sulfate- Butyrospermum Parkii Butter (Butyrospermum Parkii (Shea Butter))- Coco-Caprylate/Caprate- Isononyl Isononanoate- Octyldodecanol- Cocos Nucifera (Coconut) Oil- Synthetic Wax- Ethylhexyl Isononanoate- Ricinus Communis (Castor) Seed Oil- Vaccinium Macrocarpon (Cranberry) Seed Oil- Phenoxyethanol- Tocopherol- Caprylyl Glycol- Triethoxycaprylylsilane- Helianthus Annuus (Sunflower) Seed Oil- Punica Granatum Seed Oil- Sodium Hyaluronate- Ascorbyl Palmitate- Hydrogenated Castor Oil. (+/-): CI 77891 (Titanium Dioxide)- CI 77163 (Bismuth Oxychloride)- CI 77491/CI 77492/CI 77499 (Iron Oxides).,sephora,,,,https://www.sephora.com/product/make-no-mistake-foundation-concealer-stick-P420440?skuId=1887447&icid2=products grid:p420440,,kaggle:utkarshx27/makeup-shades
SEPHORA COLLECTION,8,8,quente,#dda78b,matte,$20-$24,-Cranberry and Pomegranate Seed Oils: Soothe skin for optimal makeup application. Hydrogenated Polyisobutene- Polymethylsilsesquioxane- Polyglyceryl-2 Diisostearate- Polyethylene- Barium Sulfate- Butyrospermum Parkii Butter (Butyrospermum Parkii (Shea Butter))- Coco-Caprylate/Caprate- Isononyl Isononanoate- Octyldodecanol- Cocos Nucifera (Coconut) Oil- Synthetic Wax- Ethylhexyl Isononanoate- Ricinus Communis (Castor) Seed Oil- Vaccinium Macrocarpon (Cranberry) Seed Oil- Phenoxyethanol- Tocopherol- Caprylyl Glycol- Triethoxycaprylylsilane- Helianthus Annuus (Sunflower) Seed Oil- Punica Granatum Seed Oil- Sodium Hyaluronate- Ascorbyl Palmitate- Hydrogenated Castor Oil. (+/-): CI 77891 (Titanium Dioxide)- CI 77163 (Bismuth Oxychloride)- CI 77491/CI 77492/CI 77499 (Iron Oxides).,sephora,,,,https://www.sephora.com/product/make-no-mistake-foundation-concealer-stick-P420440?skuId=1887447&icid2=products grid:p420440,,kaggle:utkarshx27/makeup-shades
SEPHORA COLLECTION,9,9,quente,#c69073,matte,$20-$24,-Cranberry and Pomegranate Seed Oils: Soothe skin for optimal makeup application. Hydrogenated Polyisobutene- Polymethylsilsesquioxane- Polyglyceryl-2 Diisostearate- Polyethylene- Barium Sulfate- Butyrospermum Parkii Butter (Butyrospermum Parkii (Shea Butter))- Coco-Caprylate/Caprate- Isononyl Isononanoate- Octyldodecanol- Cocos Nucifera (Coconut) Oil- Synthetic Wax- Ethylhexyl Isononanoate- Ricinus Communis (Castor) Seed Oil- Vaccinium Macrocarpon (Cranberry) Seed Oil- Phenoxyethanol- Tocopherol- Caprylyl Glycol- Triethoxycaprylylsilane- Helianthus Annuus (Sunflower) Seed Oil- Punica Granatum Seed Oil- Sodium Hyaluronate- Ascorbyl Palmitate- Hydrogenated Castor Oil. (+/-): CI 77891 (Titanium Dioxide)- CI 77163 (Bismuth Oxychloride)- CI 77491/CI 77492/CI 77499 (Iron Oxides).,sephora,,,,https://www.sephora.com/product/make-no-mistake-foundation-concealer-stick-P420440?skuId=1887447&icid2=products grid:p420440,,kaggle:utkarshx27/makeup-shades
rms beauty,00,00,neutro,#f6d7b3,natural,$35-$39,*Cocos Nucifera (Coconut) Oil- *Ricinus Communis (Castor) Seed Oil- *Cera Alba (Beeswax)- *Theobroma Cacao (Cocoa) Seed Butter- *Simmondsia Chinensis (Jojoba) Seed Oil- Tocopherol(non-GMO)- *Rosmarinus officinalis (Rosemary) Extract- and may contain: [+/- Titanium Dioxide CI 77891- Iron Oxides CI 77492- CI 77491- CI 77499] *Certified Organic Clean at Sephora products are formulated without: Sulfates—SLS + SLES- Parabens- Formaldehydes- Formaldehyde-releasing agents- Phthalates- Mineral Oil- Retinyl Palmitate- Oxybenzone- Coal Tar- Hydroquinone- Triclosan- Triclocarban- Undisclosed synthetic fragrances (Products can be formulated with disclosed synthetic fragrances that meet the following two criteria: (1) the synthetic fragrances do not include any of the ingredients listed in numbers 1 through 12 above and (2) the synthetic fragrances are at a concentration below 1% of the total formula) The following type of acrylates: (ethyl acrylate- ethyl methacrylate- methyl methacrylate- butyl methacrylate- hydroxypropyl methacrylate- tetrahydrofurfuryl methacrylate- trimethylolpropane trimethacrylate - aluminum salts)- Animal Oils/Musks/Fats- Benzophenone + Related Compounds- Butoxyethanol- Carbon Black- Lead/Lead Acetate- Methyl Cellosolve + Methoxyethanol- Methylchloroisothiazolinone & Methylisothiazolinone- Mercury + Mercury Compounds (Thimerisol)- Insoluble Plastic Microbeads (This prohibited ingredient applies to products that are meant to be rinsed off )- Resorcinol- Talc (Talc that is free of any asbestos can be used in the formulation provided that Brand conducts testing to ensure that talc is free of any asbestos.)- Toluene- Butylated hydroxyanisole (BHA)- Butylated hydroxytoluene (BHT) that is 0.1% or more of total formula- Ethanolamines DEA/TEA/MEA/ETA- Nanoparticles as defined by the European Commission- Petrolatum and Parrafin that is not USP grade- Phenoxyethanol that is 1% or more of total formulation- Polyacrylamide & Acrylamide- The following types of Styrene (Bromostyrene- Deastyrene/acrylates/dvbcopolymer- sodium styrene/divinylbenzene copolymer - styrene oxide- styrene)- 1-4 Dioxane in final formulas must comply with the thresholds as follows: (10 or < ppm for products that are meant to be rinsed off- wiped off or removed- 3ppm or < for products that are meant to remain on the skin).,sephora,False,,,https://www.sephora.com/product/un-cover-up-concealer-foundation-P408972?icid2=products grid:p408972,,kaggle:utkarshx27/makeup-shades
rms beauty,000,000,neutro,#fde6c2,natural,$35-$39,*Cocos Nucifera (Coconut) Oil- *Ricinus Communis (Castor) Seed Oil- *Cera Alba (Beeswax)- *Theobroma Cacao (Cocoa) Seed Butter- *Simmondsia Chinensis (Jojoba) Seed Oil- Tocopherol(non-GMO)- *Rosmarinus officinalis (Rosemary) Extract- and may contain: [+/- Titanium Dioxide CI 77891- Iron Oxides CI 77492- CI 77491- CI 77499] *Certified Organic Clean at Sephora products are formulated without: Sulfates—SLS + SLES- Parabens- Formaldehydes- Formaldehyde-releasing agents- Phthalates- Mineral Oil- Retinyl Palmitate- Oxybenzone- Coal Tar- Hydroquinone- Triclosan- Triclocarban- Undisclosed synthetic fragrances (Products can be formulated with disclosed synthetic fragrances that meet the following two criteria: (1) the synthetic fragrances do not include any of the ingredients listed in numbers 1 through 12 above and (2) the synthetic fragrances are at a concentration below 1% of the total formula) The following type of acrylates: (ethyl acrylate- ethyl methacrylate- methyl methacrylate- butyl methacrylate- hydroxypropyl methacrylate- tetrahydrofurfuryl methacrylate- trimethylolpropane trimethacrylate - aluminum salts)- Animal Oils/Musks/Fats- Benzophenone + Related Compounds- Butoxyethanol- Carbon Black- Lead/Lead Acetate- Methyl Cellosolve + Methoxyethanol- Methylchloroisothiazolinone & Methylisothiazolinone- Mercury + Mercury Compounds (Thimerisol)- Insoluble Plastic Microbeads (This prohibited ingredient applies to products that are meant to be rinsed off )- Resorcinol- Talc (Talc that is free of any asbestos can be used in the formulation provided that Brand conducts testing to ensure that talc is free of any asbestos.)- Toluene- Butylated hydroxyanisole (BHA)- Butylated hydroxytoluene (BHT) that is 0.1% or more of total formula- Ethanolamines DEA/TEA/MEA/ETA- Nanoparticles as defined by the European Commission- Petrolatum and Parrafin that is not USP grade- Phenoxyethanol that is 1% or more of total formulation- Polyacrylamide & Acrylamide- The following types of Styrene (Bromostyrene- Deastyrene/acrylates/dvbcopolymer- sodium styrene/divinylbenzene copolymer - styrene oxide- styrene)- 1-4 Dioxane in final formulas must comply with the thresholds as follows: (10 or < ppm for products that are meant to be rinsed off- wiped off or removed- 3ppm or < for products that are meant to remain on the skin).,sephora,False,,,https://www.sephora.com/product/un-cover-up-concealer-foundation-P408972?icid2=products grid:p408972,,kaggle:utkarshx27/makeup-shades
rms beauty,11,11,quente,#f4d1ab,natural,$35-$39,*Cocos Nucifera (Coconut) Oil- *Ricinus Communis (Castor) Seed Oil- *Cera Alba (Beeswax)- *Theobroma Cacao (Cocoa) Seed Butter- *Simmondsia Chinensis (Jojoba) Seed Oil- Tocopherol(non-GMO)- *Rosmarinus officinalis (Rosemary) Extract- and may contain: [+/- Titanium Dioxide CI 77891- Iron Oxides CI 77492- CI 77491- CI 77499] *Certified Organic Clean at Sephora products are formulated without: Sulfates—SLS + SLES- Parabens- Formaldehydes- Formaldehyde-releasing agents- Phthalates- Mineral Oil- Retinyl Palmitate- Oxybenzone- Coal Tar- Hydroquinone- Triclosan- Triclocarban- Undisclosed synthetic fragrances (Products can be formulated with disclosed synthetic fragrances that meet the following two criteria: (1) the synthetic fragrances do not include any of the ingredients listed in numbers 1 through 12 above and (2) the synthetic fragrances are at a concentration below 1% of the total formula) The following type of acrylates: (ethyl acrylate- ethyl methacrylate- methyl methacrylate- butyl methacrylate- hydroxypropyl methacrylate- tetrahydrofurfuryl methacrylate- trimethylolpropane trimethacrylate - aluminum salts)- Animal Oils/Musks/Fats- Benzophenone + Related Compounds- Butoxyethanol- Carbon Black- Lead/Lead Acetate- Methyl Cellosolve + Methoxyethanol- Methylchloroisothiazolinone & Methylisothiazolinone- Mercury + Mercury Compounds (Thimerisol)- Insoluble Plastic Microbeads (This prohibited ingredient applies to products that are meant to be rinsed off )- Resorcinol- Talc (Talc that is free of any asbestos can be used in the formulation provided that Brand conducts testing to ensure that talc is free of any asbestos.)- Toluene- Butylated hydroxyanisole (BHA)- Butylated hydroxytoluene (BHT) that is 0.1% or more of total formula- Ethanolamines DEA/TEA/MEA/ETA- Nanoparticles as defined by the European Commission- Petrolatum and Parrafin that is not USP grade- Phenoxyethanol that is 1% or more of total formulation- Polyacrylamide & Acrylamide- The following types of Styrene (Bromostyrene- Deastyrene/acrylates/dvbcopolymer- sodium styrene/divinylbenzene copolymer - styrene oxide- styrene)- 1-4 Dioxane in final formulas must comply with the thresholds as follows: (10 or < ppm for products that are meant to be rinsed off- wiped off or removed- 3ppm or < for products that are meant to remain on the skin).,sephora,False,,,https://www.sephora.com/product/un-cover-up-concealer-foundation-P408972?icid2=products grid:p408972,,kaggle:utkarshx27/makeup-shades
rms beauty,11.5,11,neutro,#fbcb9e,natural,$35-$39,*Cocos Nucifera (Coconut) Oil- *Ricinus Communis (Castor) Seed Oil- *Cera Alba (Beeswax)- *Theobroma Cacao (Cocoa) Seed Butter- *Simmondsia Chinensis (Jojoba) Seed Oil- Tocopherol(non-GMO)- *Rosmarinus officinalis (Rosemary) Extract- and may contain: [+/- Titanium Dioxide CI 77891- Iron Oxides CI 77492- CI 77491- CI 77499] *Certified Organic Clean at Sephora products are formulated without: Sulfates—SLS + SLES- Parabens- Formaldehydes- Formaldehyde-releasing agents- Phthalates- Mineral Oil- Retinyl Palmitate- Oxybenzone- Coal Tar- Hydroquinone- Triclosan- Triclocarban- Undisclosed synthetic fragrances (Products can be formulated with disclosed synthetic fragrances that meet the following two criteria: (1) the synthetic fragrances do not include any of the ingredients listed in numbers 1 through 12 above and (2) the synthetic fragrances are at a concentration below 1% of the total formula) The following type of acrylates: (ethyl acrylate- ethyl methacrylate- methyl methacrylate- butyl methacrylate- hydroxypropyl methacrylate- tetrahydrofurfuryl methacrylate- trimethylolpropane trimethacrylate - aluminum salts)- Animal Oils/Musks/Fats- Benzophenone + Related Compounds- Butoxyethanol- Carbon Black- Lead/Lead Acetate- Methyl Cellosolve + Methoxyethanol- Methylchloroisothiazolinone & Methylisothiazolinone- Mercury + Mercury Compounds (Thimerisol)- Insoluble Plastic Microbeads (This prohibited ingredient applies to products that are meant to be rinsed off )- Resorcinol- Talc (Talc that is free of any asbestos can be used in the formulation provided that Brand conducts testing to ensure that talc is free of any asbestos.)- Toluene- Butylated hydroxyanisole (BHA)- Butylated hydroxytoluene (BHT) that is 0.1% or more of total formula- Ethanolamines DEA/TEA/MEA/ETA- Nanoparticles as defined by the European Commission- Petrolatum and Parrafin that is not USP grade- Phenoxyethanol that is 1% or more of total formulation- Polyacrylamide & Acrylamide- The following types of Styrene (Bromostyrene- Deastyrene/acrylates/dvbcopolymer- sodium styrene/divinylbenzene copolymer - styrene oxide- styrene)- 1-4 Dioxane in final formulas must comply with the thresholds as follows: (10 or < ppm for products that are meant to be rinsed off- wiped off or removed- 3ppm or < for products that are meant to remain on the skin).,sephora,False,,,https://www.sephora.com/product/un-cover-up-concealer-foundation-P408972?icid2=products grid:p408972,,kaggle:utkarshx27/makeup-shades
rms beauty,111,111,neutro,#956c5a,natural,$35-$39,*Cocos Nucifera (Coconut) Oil- *Ricinus Communis (Castor) Seed Oil- *Cera Alba (Beeswax)- *Theobroma Cacao (Cocoa) Seed Butter- *Simmondsia Chinensis (Jojoba) Seed Oil- Tocopherol(non-GMO)- *Rosmarinus officinalis (Rosemary) Extract- and may contain: [+/- Titanium Dioxide CI 77891- Iron Oxides CI 77492- CI 77491- CI 77499] *Certified Organic Clean at Sephora products are formulated without: Sulfates—SLS + SLES- Parabens- Formaldehydes- Formaldehyde-releasing agents- Phthalates- Mineral Oil- Retinyl Palmitate- Oxybenzone- Coal Tar- Hydroquinone- Triclosan- Triclocarban- Undisclosed synthetic fragrances (Products can be formulated with disclosed synthetic fragrances that meet the following two criteria: (1) the synthetic fragrances do not include any of the ingredients listed in numbers 1 through 12 above and (2) the synthetic fragrances are at a concentration below 1% of the total formula) The following type of acrylates: (ethyl acrylate- ethyl methacrylate- methyl methacrylate- butyl methacrylate- hydroxypropyl methacrylate- tetrahydrofurfuryl methacrylate- trimethylolpropane trimethacrylate - aluminum salts)- Animal Oils/Musks/Fats- Benzophenone + Related Compounds- Butoxyethanol- Carbon Black- Lead/Lead Acetate- Methyl Cellosolve + Methoxyethanol- Methylchloroisothiazolinone & Methylisothiazolinone- Mercury + Mercury Compounds (Thimerisol)- Insoluble Plastic Microbeads (This prohibited ingredient applies to products that are meant to be rinsed off )- Resorcinol- Talc (Talc that is free of any asbestos can be used in the formulation provided that Brand conducts testing to ensure that talc is free of any asbestos.)- Toluene- Butylated hydroxyanisole (BHA)- Butylated hydroxytoluene (BHT) that is 0.1% or more of total formula- Ethanolamines DEA/TEA/MEA/ETA- Nanoparticles as defined by the European Commission- Petrolatum and Parrafin that is not USP grade- Phenoxyethanol that is 1% or more of total formulation- Polyacrylamide & Acrylamide- The following types of Styrene (Bromostyrene- Deastyrene/acrylates/dvbcopolymer- sodium styrene/divinylbenzene copolymer - styrene oxide- styrene)- 1-4 Dioxane in final formulas must comply with the thresholds as follows: (10 or < ppm for products that are meant to be rinsed off- wiped off or removed- 3ppm or < for products that are meant to remain on the skin).,sephora,False,,,https://www.sephora.com/product/un-cover-up-concealer-foundation-P408972?icid2=products grid:p408972,,kaggle:utkarshx27/makeup-shades
rms beauty,122,122,neutro,#7d5e4b,natural,$35-$39,*Cocos Nucifera (Coconut) Oil- *Ricinus Communis (Castor) Seed Oil- *Cera Alba (Beeswax)- *Theobroma Cacao (Cocoa) Seed Butter- *Simmondsia Chinensis (Jojoba) Seed Oil- Tocopherol(non-GMO)- *Rosmarinus officinalis (Rosemary) Extract- and may contain: [+/- Titanium Dioxide CI 77891- Iron Oxides CI 77492- CI 77491- CI 77499] *Certified Organic Clean at Sephora products are formulated without: Sulfates—SLS + SLES- Parabens- Formaldehydes- Formaldehyde-releasing agents- Phthalates- Mineral Oil- Retinyl Palmitate- Oxybenzone- Coal Tar- Hydroquinone- Triclosan- Triclocarban- Undisclosed synthetic fragrances (Products can be formulated with disclosed synthetic fragrances that meet the following two criteria: (1) the synthetic fragrances do not include any of the ingredients listed in numbers 1 through 12 above and (2) the synthetic fragrances are at a concentration below 1% of the total formula) The following type of acrylates: (ethyl acrylate- ethyl methacrylate- methyl methacrylate- butyl methacrylate- hydroxypropyl methacrylate- tetrahydrofurfuryl methacrylate- trimethylolpropane trimethacrylate - aluminum salts)- Animal Oils/Musks/Fats- Benzophenone + Related Compounds- Butoxyethanol- Carbon Black- Lead/Lead Acetate- Methyl Cellosolve + Methoxyethanol- Methylchloroisothiazolinone & Methylisothiazolinone- Mercury + Mercury Compounds (Thimerisol)- Insoluble Plastic Microbeads (This prohibited ingredient applies to products that are meant to be rinsed off )- Resorcinol- Talc (Talc that is free of any asbestos can be used in the formulation provided that Brand conducts testing to ensure that talc is free of any asbestos.)- Toluene- Butylated hydroxyanisole (BHA)- Butylated hydroxytoluene (BHT) that is 0.1% or more of total formula- Ethanolamines DEA/TEA/MEA/ETA- Nanoparticles as defined by the European Commission- Petrolatum and Parrafin that is not USP grade- Phenoxyethanol that is 1% or more of total formulation- Polyacrylamide & Acrylamide- The following types of Styrene (Bromostyrene- Deastyrene/acrylates/dvbcopolymer- sodium styrene/divinylbenzene copolymer - styrene oxide- styrene)- 1-4 Dioxane in final formulas must comply with the thresholds as follows: (10 or < ppm for products that are meant to be rinsed off- wiped off or removed- 3ppm or < for products that are meant to remain on the skin).,sephora,False,,,https://www.sephora.com/product/un-cover-up-concealer-foundation-P408972?icid2=products grid:p408972,,kaggle:utkarshx27/makeup-shades
rms beauty,22,22,quente,#f1c298,natural,$35-$39,*Cocos Nucifera (Coconut) Oil- *Ricinus Communis (Castor) Seed Oil- *Cera Alba (Beeswax)- *Theobroma Cacao (Cocoa) Seed Butter- *Simmondsia Chinensis (Jojoba) Seed Oil- Tocopherol(non-GMO)- *Rosmarinus officinalis (Rosemary) Extract- and may contain: [+/- Titanium Dioxide CI 77891- Iron Oxides CI 77492- CI 77491- CI 77499] *Certified Organic Clean at Sephora products are formulated without: Sulfates—SLS + SLES- Parabens- Formaldehydes- Formaldehyde-releasing agents- Phthalates- Mineral Oil- Retinyl Palmitate- Oxybenzone- Coal Tar- Hydroquinone- Triclosan- Triclocarban- Undisclosed synthetic fragrances (Products can be formulated with disclosed synthetic fragrances that meet the following two criteria: (1) the synthetic fragrances do not include any of the ingredients listed in numbers 1 through 12 above and (2) the synthetic fragrances are at a concentration below 1% of the total formula) The following type of acrylates: (ethyl acrylate- ethyl methacrylate- methyl methacrylate- butyl methacrylate- hydroxypropyl methacrylate- tetrahydrofurfuryl methacrylate- trimethylolpropane trimethacrylate - aluminum salts)- Animal Oils/Musks/Fats- Benzophenone + Related Compounds- Butoxyethanol- Carbon Black- Lead/Lead Acetate- Methyl Cellosolve + Methoxyethanol- Methylchloroisothiazolinone & Methylisothiazolinone- Mercury + Mercury Compounds (Thimerisol)- Insoluble Plastic Microbeads (This prohibited ingredient applies to products that are meant to be rinsed off )- Resorcinol- Talc (Talc that is free of any asbestos can be used in the formulation provided that Brand conducts testing to ensure that talc is free of any asbestos.)- Toluene- Butylated hydroxyanisole (BHA)- Butylated hydroxytoluene (BHT) that is 0.1% or more of total formula- Ethanolamines DEA/TEA/MEA/ETA- Nanoparticles as defined by the European Commission- Petrolatum and Parrafin that is not USP grade- Phenoxyethanol that is 1% or more of total formulation- Polyacrylamide & Acrylamide- The following types of Styrene (Bromostyrene- Deastyrene/acrylates/dvbcopolymer- sodium styrene/divinylbenzene copolymer - styrene oxide- styrene)- 1-4 Dioxane in final formulas must comply with the thresholds as follows: (10 or < ppm for products that are meant to be rinsed off- wiped off or removed- 3ppm or < for products that are meant to remain on the skin).,sephora,False,,,https://www.sephora.com/product/un-cover-up-concealer-foundation-P408972?icid2=products grid:p408972,,kaggle:utkarshx27/makeup-shades
rms beauty,22.5,22,frio,#ecb884,natural,$35-$39,*Cocos Nucifera (Coconut) Oil- *Ricinus Communis (Castor) Seed Oil- *Cera Alba (Beeswax)- *Theobroma Cacao (Cocoa) Seed Butter- *Simmondsia Chinensis (Jojoba) Seed Oil- Tocopherol(non-GMO)- *Rosmarinus officinalis (Rosemary) Extract- and may contain: [+/- Titanium Dioxide CI 77891- Iron Oxides CI 77492- CI 77491- CI 77499] *Certified Organic Clean at Sephora products are formulated without: Sulfates—SLS + SLES- Parabens- Formaldehydes- Formaldehyde-releasing agents- Phthalates- Mineral Oil- Retinyl Palmitate- Oxybenzone- Coal Tar- Hydroquinone- Triclosan- Triclocarban- Undisclosed synthetic fragrances (Products can be formulated with disclosed synthetic fragrances that meet the following two criteria: (1) the synthetic fragrances do not include any of the ingredients listed in numbers 1 through 12 above and (2) the synthetic fragrances are at a concentration below 1% of the total formula) The following type of acrylates: (ethyl acrylate- ethyl methacrylate- methyl methacrylate- butyl methacrylate- hydroxypropyl methacrylate- tetrahydrofurfuryl methacrylate- trimethylolpropane trimethacrylate - aluminum salts)- Animal Oils/Musks/Fats- Benzophenone + Related Compounds- Butoxyethanol- Carbon Black- Lead/Lead Acetate- Methyl Cellosolve + Methoxyethanol- Methylchloroisothiazolinone & Methylisothiazolinone- Mercury + Mercury Compounds (Thimerisol)- Insoluble Plastic Microbeads (This prohibited ingredient applies to products that are meant to be rinsed off )- Resorcinol- Talc (Talc that is free of any asbestos can be used in the formulation provided that Brand conducts testing to ensure that talc is free of any asbestos.)- Toluene- Butylated hydroxyanisole (BHA)- Butylated hydroxytoluene (BHT) that is 0.1% or more of total formula- Ethanolamines DEA/TEA/MEA/ETA- Nanoparticles as defined by the European Commission- Petrolatum and Parrafin that is not USP grade- Phenoxyethanol that is 1% or more of total formulation- Polyacrylamide & Acrylamide- The following types of Styrene (Bromostyrene- Deastyrene/acrylates/dvbcopolymer- sodium styrene/divinylbenzene copolymer - styrene oxide- styrene)- 1-4 Dioxane in final formulas must comply with the thresholds as follows: (10 or < ppm for products that are meant to be rinsed off- wiped off or removed- 3ppm or < for products that are meant to remain on the skin).,sephora,False,,,https://www.sephora.com/product/un-cover-up-concealer-foundation-P408972?icid2=products grid:p408972,,kaggle:utkarshx27/makeup-shades
rms beauty,33,33,quente,#dcab7c,natural,$35-$39,*Cocos Nucifera (Coconut) Oil- *Ricinus Communis (Castor) Seed Oil- *Cera Alba (Beeswax)- *Theobroma Cacao (Cocoa) Seed Butter- *Simmondsia Chinensis (Jojoba) Seed Oil- Tocopherol(non-GMO)- *Rosmarinus officinalis (Rosemary) Extract- and may contain: [+/- Titanium Dioxide CI 77891- Iron Oxides CI 77492- CI 77491- CI 77499] *Certified Organic Clean at Sephora products are formulated without: Sulfates—SLS + SLES- Parabens- Formaldehydes- Formaldehyde-releasing agents- Phthalates- Mineral Oil- Retinyl Palmitate- Oxybenzone- Coal Tar- Hydroquinone- Triclosan- Triclocarban- Undisclosed synthetic fragrances (Products can be formulated with disclosed synthetic fragrances that meet the following two criteria: (1) the synthetic fragrances do not include any of the ingredients listed in numbers 1 through 12 above and (2) the synthetic fragrances are at a concentration below 1% of the total formula) The following type of acrylates: (ethyl acrylate- ethyl methacrylate- methyl methacrylate- butyl methacrylate- hydroxypropyl methacrylate- tetrahydrofurfuryl methacrylate- trimethylolpropane trimethacrylate - aluminum salts)- Animal Oils/Musks/Fats- Benzophenone + Related Compounds- Butoxyethanol- Carbon Black- Lead/Lead Acetate- Methyl Cellosolve + Methoxyethanol- Methylchloroisothiazolinone & Methylisothiazolinone- Mercury + Mercury Compounds (Thimerisol)- Insoluble Plastic Microbeads (This prohibited ingredient applies to products that are meant to be rinsed off )- Resorcinol- Talc (Talc that is free of any asbestos can be used in the formulation provided that Brand conducts testing to ensure that talc is free of any asbestos.)- Toluene- Butylated hydroxyanisole (BHA)- Butylated hydroxytoluene (BHT) that is 0.1% or more of total formula- Ethanolamines DEA/TEA/MEA/ETA- Nanoparticles as defined by the European Commission- Petrolatum and Parrafin that is not USP grade- Phenoxyethanol that is 1% or more of total formulation- Polyacrylamide & Acrylamide- The following types of Styrene (Bromostyrene- Deastyrene/acrylates/dvbcopolymer- sodium styrene/divinylbenzene copolymer - styrene oxide- styrene)- 1-4 Dioxane in final formulas must comply with the thresholds as follows: (10 or < ppm for products that are meant to be rinsed off- wiped off or removed- 3ppm or < for products that are meant to remain on the skin).,sephora,False,,,https://www.sephora.com/product/un-cover-up-concealer-foundation-P408972?icid2=products grid:p408972,,kaggle:utkarshx27/makeup-shades
rms beauty,33.5,33,quente,#e1b082,natural,$35-$39,*Cocos Nucifera (Coconut) Oil- *Ricinus Communis (Castor) Seed Oil- *Cera Alba (Beeswax)- *Theobroma Cacao (Cocoa) Seed Butter- *Simmondsia Chinensis (Jojoba) Seed Oil- Tocopherol(non-GMO)- *Rosmarinus officinalis (Rosemary) Extract- and may contain: [+/- Titanium Dioxide CI 77891- Iron Oxides CI 77492- CI 77491- CI 77499] *Certified Organic Clean at Sephora products are formulated without: Sulfates—SLS + SLES- Parabens- Formaldehydes- Formaldehyde-releasing agents- Phthalates- Mineral Oil- Retinyl Palmitate- Oxybenzone- Coal Tar- Hydroquinone- Triclosan- Triclocarban- Undisclosed synthetic fragrances (Products can be formulated with disclosed synthetic fragrances that meet the following two criteria: (1) the synthetic fragrances do not include any of the ingredients listed in numbers 1 through 12 above and (2) the synthetic fragrances are at a concentration below 1% of the total formula) The following type of acrylates: (ethyl acrylate- ethyl methacrylate- methyl methacrylate- butyl methacrylate- hydroxypropyl methacrylate- tetrahydrofurfuryl methacrylate- trimethylolpropane trimethacrylate - aluminum salts)- Animal Oils/Musks/Fats- Benzophenone + Related Compounds- Butoxyethanol- Carbon Black- Lead/Lead Acetate- Methyl Cellosolve + Methoxyethanol- Methylchloroisothiazolinone & Methylisothiazolinone- Mercury + Mercury Compounds (Thimerisol)- Insoluble Plastic Microbeads (This prohibited ingredient applies to products that are meant to be rinsed off )- Resorcinol- Talc (Talc that is free of any asbestos can be used in the formulation provided that Brand conducts testing to ensure that talc is free of any asbestos.)- Toluene- Butylated hydroxyanisole (BHA)- Butylated hydroxytoluene (BHT) that is 0.1% or more of total formula- Ethanolamines DEA/TEA/MEA/ETA- Nanoparticles as defined by the European Commission- Petrolatum and Parrafin that is not USP grade- Phenoxyethanol that is 1% or more of total formulation- Polyacrylamide & Acrylamide- The following types of Styrene (Bromostyrene- Deastyrene/acrylates/dvbcopolymer- sodium styrene/divinylbenzene copolymer - styrene oxide- styrene)- 1-4 Dioxane in final formulas must comply with the thresholds as follows: (10 or < ppm for products that are meant to be rinsed off- wiped off or removed- 3ppm or < for products that are meant to remain on the skin).,sephora,False,,,https://www.sephora.com/product/un-cover-up-concealer-foundation-P408972?icid2=products grid:p408972,,kaggle:utkarshx27/makeup-shades
rms beauty,44,44,frio,#e1ae80,natural,$35-$39,*Cocos Nucifera (Coconut) Oil- *Ricinus Communis (Castor) Seed Oil- *Cera Alba (Beeswax)- *Theobroma Cacao (Cocoa) Seed Butter- *Simmondsia Chinensis (Jojoba) Seed Oil- Tocopherol(non-GMO)- *Rosmarinus officinalis (Rosemary) Extract- and may contain: [+/- Titanium Dioxide CI 77891- Iron Oxides CI 77492- CI 77491- CI 77499] *Certified Organic Clean at Sephora products are formulated without: Sulfates—SLS + SLES- Parabens- Formaldehydes- Formaldehyde-releasing agents- Phthalates- Mineral Oil- Retinyl Palmitate- Oxybenzone- Coal Tar- Hydroquinone- Triclosan- Triclocarban- Undisclosed synthetic fragrances (Products can be formulated with disclosed synthetic fragrances that meet the following two criteria: (1) the synthetic fragrances do not include any of the ingredients listed in numbers 1 through 12 above and (2) the synthetic fragrances are at a concentration below 1% of the total formula) The following type of acrylates: (ethyl acrylate- ethyl methacrylate- methyl methacrylate- butyl methacrylate- hydroxypropyl methacrylate- tetrahydrofurfuryl methacrylate- trimethylolpropane trimethacrylate - aluminum salts)- Animal Oils/Musks/Fats- Benzophenone + Related Compounds- Butoxyethanol- Carbon Black- Lead/Lead Acetate- Methyl Cellosolve + Methoxyethanol- Methylchloroisothiazolinone & Methylisothiazolinone- Mercury + Mercury Compounds (Thimerisol)- Insoluble Plastic Microbeads (This prohibited ingredient applies to products that are meant to be rinsed off )- Resorcinol- Talc (Talc that is free of any asbestos can be used in the formulation provided that Brand conducts testing to ensure that talc is free of any asbestos.)- Toluene- Butylated hydroxyanisole (BHA)- Butylated hydroxytoluene (BHT) that is 0.1% or more of total formula- Ethanolamines DEA/TEA/MEA/ETA- Nanoparticles as defined by the European Commission- Petrolatum and Parrafin that is not USP grade- Phenoxyethanol that is 1% or more of total formulation- Polyacrylamide & Acrylamide- The following types of Styrene (Bromostyrene- Deastyrene/acrylates/dvbcopolymer- sodium styrene/divinylbenzene copolymer - styrene oxide- styrene)- 1-4 Dioxane in final formulas must comply with the thresholds as follows: (10 or < ppm for products that are meant to be rinsed off- wiped off or removed- 3ppm or < for products that are meant to remain on the skin).,sephora,False,,,https://www.sephora.com/product/un-cover-up-concealer-foundation-P408972?icid2=products grid:p408972,,kaggle:utkarshx27/makeup-shades
rms beauty,55,55,quente,#cf9a6b,natural,$35-$39,*Cocos Nucifera (Coconut) Oil- *Ricinus Communis (Castor) Seed Oil- *Cera Alba (Beeswax)- *Theobroma Cacao (Cocoa) Seed Butter- *Simmondsia Chinensis (Jojoba) Seed Oil- Tocopherol(non-GMO)- *Rosmarinus officinalis (Rosemary) Extract- and may contain: [+/- Titanium Dioxide CI 77891- Iron Oxides CI 77492- CI 77491- CI 77499] *Certified Organic Clean at Sephora products are formulated without: Sulfates—SLS + SLES- Parabens- Formaldehydes- Formaldehyde-releasing agents- Phthalates- Mineral Oil- Retinyl Palmitate- Oxybenzone- Coal Tar- Hydroquinone- Triclosan- Triclocarban- Undisclosed synthetic fragrances (Products can be formulated with disclosed synthetic fragrances that meet the following two criteria: (1) the synthetic fragrances do not include any of the ingredients listed in numbers 1 through 12 above and (2) the synthetic fragrances are at a concentration below 1% of the total formula) The following type of acrylates: (ethyl acrylate- ethyl methacrylate- methyl methacrylate- butyl methacrylate- hydroxypropyl methacrylate- tetrahydrofurfuryl methacrylate- trimethylolpropane trimethacrylate - aluminum salts)- Animal Oils/Musks/Fats- Benzophenone + Related Compounds- Butoxyethanol- Carbon Black- Lead/Lead Acetate- Methyl Cellosolve + Methoxyethanol- Methylchloroisothiazolinone & Methylisothiazolinone- Mercury + Mercury Compounds (Thimerisol)- Insoluble Plastic Microbeads (This prohibited ingredient applies to products that are meant to be rinsed off )- Resorcinol- Talc (Talc that is free of any asbestos can be used in the formulation provided that Brand conducts testing to ensure that talc is free of any asbestos.)- Toluene- Butylated hydroxyanisole (BHA)- Butylated hydroxytoluene (BHT) that is 0.1% or more of total formula- Ethanolamines DEA/TEA/MEA/ETA- Nanoparticles as defined by the European Commission- Petrolatum and Parrafin that is not USP grade- Phenoxyethanol that is 1% or more of total formulation- Polyacrylamide & Acrylamide- The following types of Styrene (Bromostyrene- Deastyrene/acrylates/dvbcopolymer- sodium styrene/divinylbenzene copolymer - styrene oxide- styrene)- 1-4 Dioxane in final formulas must comply with the thresholds as follows: (10 or < ppm for products that are meant to be rinsed off- wiped off or removed- 3ppm or < for products that are meant to remain on the skin).,sephora,False,,,https://www.sephora.com/product/un-cover-up-concealer-foundation-P408972?icid2=products grid:p408972,,kaggle:utkarshx27/makeup-shades
rms beauty,66,66,quente,#ca9567,natural,$35-$39,*Cocos Nucifera (Coconut) Oil- *Ricinus Communis (Castor) Seed Oil- *Cera Alba (Beeswax)- *Theobroma Cacao (Cocoa) Seed Butter- *Simmondsia Chinensis (Jojoba) Seed Oil- Tocopherol(non-GMO)- *Rosmarinus officinalis (Rosemary) Extract- and may contain: [+/- Titanium Dioxide CI 77891- Iron Oxides CI 77492- CI 77491- CI 77499] *Certified Organic Clean at Sephora products are formulated without: Sulfates—SLS + SLES- Parabens- Formaldehydes- Formaldehyde-releasing agents- Phthalates- Mineral Oil- Retinyl Palmitate- Oxybenzone- Coal Tar- Hydroquinone- Triclosan- Triclocarban- Undisclosed synthetic fragrances (Products can be formulated with disclosed synthetic fragrances that meet the following two criteria: (1) the synthetic fragrances do not include any of the ingredients listed in numbers 1 through 12 above and (2) the synthetic fragrances are at a concentration below 1% of the total formula) The following type of acrylates: (ethyl acrylate- ethyl methacrylate- methyl methacrylate- butyl methacrylate- hydroxypropyl methacrylate- tetrahydrofurfuryl methacrylate- trimethylolpropane trimethacrylate - aluminum salts)- Animal Oils/Musks/Fats- Benzophenone + Related Compounds- Butoxyethanol- Carbon Black- Lead/Lead Acetate- Methyl Cellosolve + Methoxyethanol- Methylchloroisothiazolinone & Methylisothiazolinone- Mercury + Mercury Compounds (Thimerisol)- Insoluble Plastic Microbeads (This prohibited ingredient applies to products that are meant to be rinsed off )- Resorcinol- Talc (Talc that is free of any asbestos can be used in the formulation provided that Brand conducts testing to ensure that talc is free of any asbestos.)- Toluene- Butylated hydroxyanisole (BHA)- Butylated hydroxytoluene (BHT) that is 0.1% or more of total formula- Ethanolamines DEA/TEA/MEA/ETA- Nanoparticles as defined by the European Commission- Petrolatum and Parrafin that is not USP grade- Phenoxyethanol that is 1% or more of total formulation- Polyacrylamide & Acrylamide- The following types of Styrene (Bromostyrene- Deastyrene/acrylates/dvbcopolymer- sodium styrene/divinylbenzene copolymer - styrene oxide- styrene)- 1-4 Dioxane in final formulas must comply with the thresholds as follows: (10 or < ppm for products that are meant to be rinsed off- wiped off or removed- 3ppm or < for products that are meant to remain on the skin).,sephora,False,,,https://www.sephora.com/product/un-cover-up-concealer-foundation-P408972?icid2=products grid:p408972,,kaggle:utkarshx27/makeup-shades
rms beauty,77,77,neutro,#c3926a,natural,$35-$39,*Cocos Nucifera (Coconut) Oil- *Ricinus Communis (Castor) Seed Oil- *Cera Alba (Beeswax)- *Theobroma Cacao (Cocoa) Seed Butter- *Simmondsia Chinensis (Jojoba) Seed Oil- Tocopherol(non-GMO)- *Rosmarinus officinalis (Rosemary) Extract- and may contain: [+/- Titanium Dioxide CI 77891- Iron Oxides CI 77492- CI 77491- CI 77499] *Certified Organic Clean at Sephora products are formulated without: Sulfates—SLS + SLES- Parabens- Formaldehydes- Formaldehyde-releasing agents- Phthalates- Mineral Oil- Retinyl Palmitate- Oxybenzone- Coal Tar- Hydroquinone- Triclosan- Triclocarban- Undisclosed synthetic fragrances (Products can be formulated with disclosed synthetic fragrances that meet the following two criteria: (1) the synthetic fragrances do not include any of the ingredients listed in numbers 1 through 12 above and (2) the synthetic fragrances are at a concentration below 1% of the total formula) The following type of acrylates: (ethyl acrylate- ethyl methacrylate- methyl methacrylate- butyl methacrylate- hydroxypropyl methacrylate- tetrahydrofurfuryl methacrylate- trimethylolpropane trimethacrylate - aluminum salts)- Animal Oils/Musks/Fats- Benzophenone + Related Compounds- Butoxyethanol- Carbon Black- Lead/Lead Acetate- Methyl Cellosolve + Methoxyethanol- Methylchloroisothiazolinone & Methylisothiazolinone- Mercury + Mercury Compounds (Thimerisol)- Insoluble Plastic Microbeads (This prohibited ingredient applies to products that are meant to be rinsed off )- Resorcinol- Talc (Talc that is free of any asbestos can be used in the formulation provided that Brand conducts testing to ensure that talc is free of any asbestos.)- Toluene- Butylated hydroxyanisole (BHA)- Butylated hydroxytoluene (BHT) that is 0.1% or more of total formula- Ethanolamines DEA/TEA/MEA/ETA- Nanoparticles as defined by the European Commission- Petrolatum and Parrafin that is not USP grade- Phenoxyethanol that is 1% or more of total formulation- Polyacrylamide & Acrylamide- The following types of Styrene (Bromostyrene- Deastyrene/acrylates/dvbcopolymer- sodium styrene/divinylbenzene copolymer - styrene oxide- styrene)- 1-4 Dioxane in final formulas must comply with the thresholds as follows: (10 or < ppm for products that are meant to be rinsed off- wiped off or removed- 3ppm or < for products that are meant to remain on the skin).,sephora,False,,,https://www.sephora.com/product/un-cover-up-concealer-foundation-P408972?icid2=products grid:p408972,,kaggle:utkarshx27/makeup-shades
rms beauty,88,88,neutro,#af7954,natural,$35-$39,*Cocos Nucifera (Coconut) Oil- *Ricinus Communis (Castor) Seed Oil- *Cera Alba (Beeswax)- *Theobroma Cacao (Cocoa) Seed Butter- *Simmondsia Chinensis (Jojoba) Seed Oil- Tocopherol(non-GMO)- *Rosmarinus officinalis (Rosemary) Extract- and may contain: [+/- Titanium Dioxide CI 77891- Iron Oxides CI 77492- CI 77491- CI 77499] *Certified Organic Clean at Sephora products are formulated without: Sulfates—SLS + SLES- Parabens- Formaldehydes- Formaldehyde-releasing agents- Phthalates- Mineral Oil- Retinyl Palmitate- Oxybenzone- Coal Tar- Hydroquinone- Triclosan- Triclocarban- Undisclosed synthetic fragrances (Products can be formulated with disclosed synthetic fragrances that meet the following two criteria: (1) the synthetic fragrances do not include any of the ingredients listed in numbers 1 through 12 above and (2) the synthetic fragrances are at a concentration below 1% of the total formula) The following type of acrylates: (ethyl acrylate- ethyl methacrylate- methyl methacrylate- butyl methacrylate- hydroxypropyl methacrylate- tetrahydrofurfuryl methacrylate- trimethylolpropane trimethacrylate - aluminum salts)- Animal Oils/Musks/Fats- Benzophenone + Related Compounds- Butoxyethanol- Carbon Black- Lead/Lead Acetate- Methyl Cellosolve + Methoxyethanol- Methylchloroisothiazolinone & Methylisothiazolinone- Mercury + Mercury Compounds (Thimerisol)- Insoluble Plastic Microbeads (This prohibited ingredient applies to products that are meant to be rinsed off )- Resorcinol- Talc (Talc that is free of any asbestos can be used in the formulation provided that Brand conducts testing to ensure that talc is free of any asbestos.)- Toluene- Butylated hydroxyanisole (BHA)- Butylated hydroxytoluene (BHT) that is 0.1% or more of total formula- Ethanolamines DEA/TEA/MEA/ETA- Nanoparticles as defined by the European Commission- Petrolatum and Parrafin that is not USP grade- Phenoxyethanol that is 1% or more of total formulation- Polyacrylamide & Acrylamide- The following types of Styrene (Bromostyrene- Deastyrene/acrylates/dvbcopolymer- sodium styrene/divinylbenzene copolymer - styrene oxide- styrene)- 1-4 Dioxane in final formulas must comply with the thresholds as follows: (10 or < ppm for products that are meant to be rinsed off- wiped off or removed- 3ppm or < for products that are meant to remain on the skin).,sephora,False,,,https://www.sephora.com/product/un-cover-up-concealer-foundation-P408972?icid2=products grid:p408972,,kaggle:utkarshx27/makeup-shades
rms beauty,99,99,neutro,#a77253,natural,$35-$39,*Cocos Nucifera (Coconut) Oil- *Ricinus Communis (Castor) Seed Oil- *Cera Alba (Beeswax)- *Theobroma Cacao (Cocoa) Seed Butter- *Simmondsia Chinensis (Jojoba) Seed Oil- Tocopherol(non-GMO)- *Rosmarinus officinalis (Rosemary) Extract- and may contain: [+/- Titanium Dioxide CI 77891- Iron Oxides CI 77492- CI 77491- CI 77499] *Certified Organic Clean at Sephora products are formulated without: Sulfates—SLS + SLES- Parabens- Formaldehydes- Formaldehyde-releasing agents- Phthalates- Mineral Oil- Retinyl Palmitate- Oxybenzone- Coal Tar- Hydroquinone- Triclosan- Triclocarban- Undisclosed synthetic fragrances (Products can be formulated with disclosed synthetic fragrances that meet the following two criteria: (1) the synthetic fragrances do not include any of the ingredients listed in numbers 1 through 12 above and (2) the synthetic fragrances are at a concentration below 1% of the total formula) The following type of acrylates: (ethyl acrylate- ethyl methacrylate- methyl methacrylate- butyl methacrylate- hydroxypropyl methacrylate- tetrahydrofurfuryl methacrylate- trimethylolpropane trimethacrylate - aluminum salts)- Animal Oils/Musks/Fats- Benzophenone + Related Compounds- Butoxyethanol- Carbon Black- Lead/Lead Acetate- Methyl Cellosolve + Methoxyethanol- Methylchloroisothiazolinone & Methylisothiazolinone- Mercury + Mercury Compounds (Thimerisol)- Insoluble Plastic Microbeads (This prohibited ingredient applies to products that are meant to be rinsed off )- Resorcinol- Talc (Talc that is free of any asbestos can be used in the formulation provided that Brand conducts testing to ensure that talc is free of any asbestos.)- Toluene- Butylated hydroxyanisole (BHA)- Butylated hydroxytoluene (BHT) that is 0.1% or more of total formula- Ethanolamines DEA/TEA/MEA/ETA- Nanoparticles as defined by the European Commission- Petrolatum and Parrafin that is not USP grade- Phenoxyethanol that is 1% or more of total formulation- Polyacrylamide & Acrylamide- The following types of Styrene (Bromostyrene- Deastyrene/acrylates/dvbcopolymer- sodium styrene/divinylbenzene copolymer - styrene oxide- styrene)- 1-4 Dioxane in final formulas must comply with the thresholds as follows: (10 or < ppm for products that are meant to be rinsed off- wiped off or removed- 3ppm or < for products that are meant to remain on the skin).,sephora,False,,,https://www.sephora.com/product/un-cover-up-concealer-foundation-P408972?icid2=products grid:p408972,,kaggle:utkarshx27/makeup-shades
