code,brand,product_name,categories,ingredients,ingredients_source,fragrance_free,hypoallergenic,derm_tested,open_beauty_facts_url,source
4066447348477,Balea,Pflegender Concealer,"de:Pflegender Concealer, de:Vegan","AQUA, CI 77891, ISODECYL NEOPENTANOATE, TRIETHYLHEXANOIN, CAPRYLIC/ CAPRIC TRIGLYCERIDE, GLYCERIN, POLYGLYCERYL-3 POLYRICINOLEATE, SORBITAN ISOSTEARATE, TRIBEHENIN, SORBITAN SESQUIOLEATE, CITRUS PARADISI SEED OIL, MAGNESIUM STEARATE, MAGNESIUM SULFATE, CI 77492, DISTEARDIMONIUM HECTORITE, HYDROXYACETOPHENONE, HYDROGEN DIMETHICONE, 1,2-HEXANEDIOL, CAPRYLYL GLYCOL, CI 77491, TOCOPHEROL, SODIUM HYALURONATE, HELIANTHUS ANNUUS SEED OIL",open_beauty_facts,,,,https://world.openbeautyfacts.org/product/4066447348477/pflegender-concealer-balea,open_beauty_facts
8906045486859,Coloressence,Coloressence Pre Make-Up Base,Makeup Primers / Face Primers,"Vitamin E Acetate, Wheatgerm Oil, Cyclopentasiloxane, Dimethicone.",open_beauty_facts,,,,https://world.openbeautyfacts.org/product/8906045486859/coloressence-pre-make-up-base,open_beauty_facts
4059729231635,Essence,Camouflage+ Matt Concealer,"Face Makeup, Concealer","Aqua/Water, Talc, Dicaprylyl Ether, Isononyl Isononanoate, Glycerin, Isododecane, Polyglyceryl-6 Polyricinoleate, Polyglyceryl-3 Diisostearate, Tocopherol, Disteardimonium Hectorite, Potassium Cetyl Phosphate, Sodium Chloride, Synthetic Beeswax, Ethylhexylglycerin, Xanthan Gum, Lecithin, Tetrasodium Glutamate Diacetate, Ascorbyl Palmitate, Citric Acid, Phenoxyethanol, Parfum (Fragrance), CI 77491, CI 77492, CI 77499 (Iron Oxides), CI 77891 (Titanium Dioxide)",open_beauty_facts,False,,,https://world.openbeautyfacts.org/product/4059729231635/camouflage-matt-concealer-essence,open_beauty_facts
4059729446992,Essence,I love flaw less skin,fr:Concealer,"AQUA (WATER), ISODODECANE, TRIETHYLHEXANOIN, PROPYLENE GLYCOL, POLY - GLYCERYL-4 DIISOSTEARATE/POLYHYDROXYSTEARATE/SEBACATE, C13-15 ALKANE, DIISOSTEARYL MALATE, MAGNESIUM SULFATE, DIISOSTEAROYL POLYGLYCERYL-3 DIMER DILINOLEATE, BORON NITRIDE, SHOREA ROBUSTA RESIN, PANTHENOL, HELIANTHUS ANNUUS (SUNFLOWER) SEED OIL, TOCOPHEROL, DISTEARDIMONIUM HECTORITE, GLYCERYL BEHENATE, NIACINAMIDE, ETHYL - HEXYLGLYCERIN, PROPYLENE CARBONATE, HYDROGENATED LECITHIN, PHENOXYETHANOL, ALU - MINUM HYDROXIDE, CI 77491, CI 77492, CI 77499 (IRON OXIDES), CI 77891 (TITANIUM DIOXIDE). cosnova-Frankfurt (D-65843) New York NY 10003) Landon (ECAA 400 BE 4",open_beauty_facts,,,,https://world.openbeautyfacts.org/product/4059729446992/i-love-flaw-less-skin-essence,open_beauty_facts
3274872446120,Givenchy,Givenchy Prisme Libre Skin-Caring Concealer W110,"Face Makeup, Concealers, Cosmetics, Liquid concealers","Aqua (Water), C9-12 Alkane, Caprylic/Capric Triglyceride, Glycerin, Pentylene Glycol, Coco-Caprylate/Caprate, Propanediol, Stearalkonium Hectorite, Trimethylsiloxysilicate, Pullulan, Sorbitan Sesquiisostearate, Silica, Polyglyceryl-3 Polyricinoleate, Polyglyceryl-3 Diisostearate, Mica, Sodium Myristoyl Glutamate, Sodium Chloride, Centaurea Cyanus Flower Water, Hydroxyacetophenone, Ethylene Brassylate, Sodium Benzoate, Tropaeolum Majus Flower/Leaf/Stem Extract, Aluminum Hydroxide, Synthetic Fluorphlogopite, Polyhydroxystearic Acid, Propylene Carbonate, Biosaccharide Gum-2, Isostearic Acid, Lecithin, Potassium Sorbate, Citric Acid, Tin Oxide, Tocopherol, [+/- CI 77891 (Titanium Dioxide), CI 77491, CI 77492, CI 77499 (Iron Oxides), CI 77163 (Bismuth Oxychloride)]",open_beauty_facts,,,,https://world.openbeautyfacts.org/product/3274872446120/givenchy-prisme-libre-skin-caring-concealer-w110,open_beauty_facts
30173576,L'OREAL NORGE AS,L'Oreal Concealer Infallible Ivory 322,"non-food-products, open-beauty-facts","G927988 - Aqua / Water, Undecane, Glycerin, Dimethicone, Polyglyceryl-4 Isostearate, Synthetic Fluorphlogopite, Pentylene Glycol, Butylene Glycol, Tridecane, Cetyl Peg/Ppg-10/1 Dimethicone, Hexyl Laurate, Magnesium Sulfate, Polyhydroxystearic Acid, Octyldodecanol, Disteardimonium Hectorite, Disodium Stearoyl Glutamate, Cellulose Gum, Ethylhexylglycerin, Silica Silylate, Acrylonitrile/Methyl Methacrylate/Vinylidene Chloride Copolymer, Parfum / Fragrance, Trihydroxystearin, Aluminum Hydroxide, Acetylated Glycol Stearate, Isobutane, Hexyl Cinnamal, Benzyl Salicylate, Linalool, Alpha-Isomethy Ionone, Benzyl Alcohol, Tocopherol, Citronellol, Helianthus Annuus Seed Oil / Sunflower Seed Oil, Pentaerythrityl Tetra-Di-T-Butyl Hydroxyhydrocinnamate [+/- May Contain: Ci 77891 / Titanium Dioxide, Ci 77491, Ci 77492, Ci 77499 / Iron Oxides, Ci 77510 / Ferric Ammonium Ferrocyanide]. (F.I.L. B225110/1).",open_beauty_facts,False,,,https://world.openbeautyfacts.org/product/30173576/l-oreal-concealer-infallible-ivory-322-l-oreal-norge-as,open_beauty_facts
30173613,L'OREAL NORGE AS,L'Oreal Concealer Infallible More than Vanilla 326,"non-food-products, open-beauty-facts","Aqua / Water, Undecane, Glycerin, Dimethicone, Polyglyceryl-4 Isostearate, Synthetic Fluorphlogopite, Pentylene Glycol, Butylene Glycol, Tridecane, Cetyl Peg/Ppg-10/1 Dimethicone, Hexyl Laurate, Magnesium Sulfate, Polyhydroxystearic Acid, Octyldodecanol, Disteardimonium Hectorite, Disodium Stearoyl Glutamate, Cellulose Gum, Ethylhexylglycerin, Silica Silylate, Acrylonitrile/Methyl Methacrylate/Vinylidene Chloride Copolymer, Parfum / Fragrance, Trihydroxystearin, Aluminum Hydroxide, Acetylated Glycol Stearate, Isobutane, Hexyl Cinnamal, Benzyl Salicylate, Linalool, Alpha-Isomethy Ionone, Benzyl Alcohol, Tocopherol, Citronellol, Helianthus Annuus Seed Oil / Sunflower Seed Oil, Pentaerythrityl Tetra-Di-T-Butyl Hydroxyhydrocinnamate [+/- May Contain: Ci 77891 / Titanium Dioxide, Ci 77491, Ci 77492, Ci 77499 / Iron Oxides, Ci 77510 / Ferric Ammonium Ferrocyanide].",open_beauty_facts,False,,,https://world.openbeautyfacts.org/product/30173613/l-oreal-concealer-infallible-more-than-vanilla-326-l-oreal-norge-as,open_beauty_facts
30173590,L'OREAL NORGE AS,L'Oreal Concealer Infallible Oatmeal 324,"non-food-products, open-beauty-facts","G927988 - Aqua / Water, Undecane, Glycerin, Dimethicone, Polyglyceryl-4 Isostearate, Synthetic Fluorphlogopite, Pentylene Glycol, Butylene Glycol, Tridecane, Cetyl Peg/Ppg-10/1 Dimethicone, Hexyl Laurate, Magnesium Sulfate, Polyhydroxystearic Acid, Octyldodecanol, Disteardimonium Hectorite, Disodium Stearoyl Glutamate, Cellulose Gum, Ethylhexylglycerin, Silica Silylate, Acrylonitrile/Methyl Methacrylate/Vinylidene Chloride Copolymer, Parfum / Fragrance, Trihydroxystearin, Aluminum Hydroxide, Acetylated Glycol Stearate, Isobutane, Hexyl Cinnamal, Benzyl Salicylate, Linalool, Alpha-Isomethy Ionone, Benzyl Alcohol, Tocopherol, Citronellol, Helianthus Annuus Seed Oil / Sunflower Seed Oil, Pentaerythrityl Tetra-Di-T-Butyl Hydroxyhydrocinnamate [+/- May Contain: Ci 77891 / Titanium Dioxide, Ci 77491, Ci 77492, Ci 77499 / Iron Oxides, Ci 77510 / Ferric Ammonium Ferrocyanide]. (F.I.L. B225110/1).",open_beauty_facts,False,,,https://world.openbeautyfacts.org/product/30173590/l-oreal-concealer-infallible-oatmeal-324-l-oreal-norge-as,open_beauty_facts
30173552,L'OREAL NORGE AS,L'Oreal Concealer Infallible Porcelain 320,"non-food-products, open-beauty-facts","Water, Undecane, Glycerin, Dimethicone, Polyglyceryl-4 Isostearate, Synthetic Fluorphlogopite, Pentylene Glycol, Butylene Glycol, Tridecane, Cetyl PEG/PPG-10/1 Dimethicone, Hexyl Laurate, Magnesium Sulfate, Polyhydroxystearic Acid, Octyldodecanol, Disteardimonium Hectorite, Disodium Stearoyl Glutamate, Cellulose Gum, Ethylhexylglycerin, Silica Silylate, Acrylonitrile/Methyl Methacrylate/Vinylidene Chloride Copolymer, Parfum / Fragrance, Trihydroxystearin, Aluminum Hydroxide, Acetylated Glycol Stearate, Isobutane, Hexyl Cinnamal, Benzyl Salicylate, Linalool, Alpha-Isomethyl Ionone, Benzyl Alcohol, Tocopherol, Citronellol, Helianthus Annuus Seed Oil / Sunflower Seed Oil, Pentaerythrityl Tetra-Di-T-Butyl Hydroxyhydrocinnamate. May Contain: CI 77891 / Titanium Dioxide, CI 77491, CI 77492, CI 77499 / Iron Oxides, CI 77510 / Ferric Ammonium Ferrocyanide.",open_beauty_facts,False,,,https://world.openbeautyfacts.org/product/30173552/l-oreal-concealer-infallible-porcelain-320-l-oreal-norge-as,open_beauty_facts
30171336,L'OREAL NORGE AS,Maybelline Concealer Fit Me Nude 08,"non-food-products, open-beauty-facts","G852443 - WATER (AQUA), CYCLOPENTASILOXANE, HYDROGENATED POLYISOBUTENE, GLYCERIN, SORBITAN ISOSTEARATE, PROPYLENE GLYCOL, TITANIUM DIOXIDE, OZOKERITE, PHENOXYETHANOL, MAGNESIUM SULFATE, DISTEARDIMONIUM HECTORITE, DISODIUM STEAROYL GLUTAMATE, METHYLPARABEN, ACRYLATES CROSSPOLYMER, ALUMINA, BUTYLPARABEN, ALUMINUM HYDROXIDE, TOCOPHEROL, SILICA, CHAMOMILLA RECUTITA (MATRICARIA FLOWER EXTRACT), MAY CONTAIN (+/-): (CI 77891), IRON OXIDES (CI 77491, 77492, 77499), MICA F.I.L. D43567/2",open_beauty_facts,,,,https://world.openbeautyfacts.org/product/30171336/maybelline-concealer-fit-me-nude-08-l-oreal-norge-as,open_beauty_facts
30171558,L'OREAL NORGE AS,Maybelline New York Fit Me 06 Nude Concealer,"Makeup, nl:Beauty, nl:Concealer","G852443 - WATER (AQUA), CYCLOPENTASILOXANE, HYDROGENATED POLYISOBUTENE, GLYCERIN, SORBITAN ISOSTEARATE, PROPYLENE GLYCOL, TITANIUM DIOXIDE, OZOKERITE, PHENOXYETHANOL, MAGNESIUM SULFATE, DISTEARDIMONIUM HECTORITE, DISODIUM STEAROYL GLUTAMATE, METHYLPARABEN, ACRYLATES CROSSPOLYMER, ALUMINA, BUTYLPARABEN, ALUMINUM HYDROXIDE, TOCOPHEROL, SILICA, CHAMOMILLA RECUTITA (MATRICARIA FLOWER EXTRACT), MAY CONTAIN (+/-): (CI 77891), IRON OXIDES (CI 77491, 77492, 77499), MICA F.I.L. D43567/2",open_beauty_facts,,,,https://world.openbeautyfacts.org/product/30171558/maybelline-concealer-fit-me-vanilla-06-l-oreal-norge-as,open_beauty_facts
30096592,L'OREAL NORGE AS,Maybelline New York Fit Me 15 Fair Concealer,"Makeup, nl:Beauty, nl:Concealer","AQUA / WATER / EAU, CYCLOPENTASILOXANE, HYDROGENATED POLYISOBUTENE, SORBITAN ISOSTEARATE, GLYCERIN, PROPYLENE GLYCOL, TITANIUM DIOXIDE [NANO] / TITANIUM DIOXIDE, CERA MICROCRISTALLINA / MICROCRYSTALLINE WAX / CIRE MICROCRISTALLINE, PHENOXYETHANOL, MAGNESIUM SULFATE, DISODIUM STEAROYL GLUTAMATE, DISTEARDIMONIUM HECTORITE, METHYLPARABEN, SILICA SILYLATE, ALUMINUM HYDROXIDE, PARAFFIN, ALUMINA, STEARIC ACID, ETHYLHEXYLGLYCERIN, TOCOPHEROL, POLYETHYLENE, TIN OXIDE, CHAMOMILLA RECUTITA FLOWER EXTRACT / MATRICARIA FLOWER EXTRACT",open_beauty_facts,,,,https://world.openbeautyfacts.org/product/30096592/maybelline-fit-me-concealer-fair-15-l-oreal-norge-as,open_beauty_facts
3600530733842,L'OREAL NORGE AS,Maybelline New York Instant Anti Age Eraser 01 Light Concealer,"Makeup, nl:Beauty, nl:Concealer","CYCLOPENTASILOXANE, AQUA / WATER, ETHYLHEXYL METHOXYCINNAMATE, DIMETHICONE CROSSPOLYMER, GLYCERIN, ISOTRIDECYL ISONONANOATE, PEG-9 POLYDIMETHYLSILOXYETHYL DIMETHICONE, DISTEARDIMONIUM HECTORITE, PHENOXYETHANOL, PEG-10 DIMETHICONE, HYDROLYZED WHEAT PROTEIN/PVP CROSSPOLYMER, DISODIUM STEAROYL GLUTAMATE, CHLORPHENESIN, METHYLPARABEN, LYCIUM BARBARUM FRUIT EXTRACT, ACRYLATES COPOLYMER, POTASSIUM SORBATE, ETHYLPARABEN, TOCOPHEROL, ASCORBYL PALMITATE, PANTHENOL, PEG-9, ALUMINUM HYDROXIDE, CITRIC ACID, SODIUM PCA, UREA, TREHALOSE",open_beauty_facts,,,,https://world.openbeautyfacts.org/product/3600530733842/maybelline-concealer-instant-age-rewind-light-1-l-oreal-norge-as,open_beauty_facts
3600523500185,L'OREAL NORGE AS,True Match Concealer Rose Vanilla 2R/C,"non-food-products, open-beauty-facts","AQUA / WATER / EAU, CYCLOPENTASILOXANE, HYDROGENATED POLYISOBUTENE, GLYCERIN SORBITAN ISOSTEARATE, PROPYLENE GLYCOL, TITANIUM DIOXIDE, OZOKERITE, PHENOXYETHANOL, MAGNESIUM SULFATE, DISTEARDIMONIUM HECTORITE, DISODIUM STEAROYL GLUTAMATE, METHYLPARABEN, ACRYLATES COPOLYMER, BUTYLPARABEN ALUMINUM HYDROXIDE, ALUMINA, MAGNESIUM ASCORBYL PHOSPHATE, CALCIUM PANTETHEINE SULFONATE, DEXTRAN SULFATE, SILICA[+/- MAY CONTAIN : CI 77891 / TITANIUM DIOXIDE, CI 77499, CI 77492, CI 77491 / IRON OXIDES MICA ]",open_beauty_facts,,,,https://world.openbeautyfacts.org/product/3600523500185/true-match-concealer-rose-vanilla-2r-c-l-oreal-norge-as,open_beauty_facts
9344329278612,L'Oréal,L'Oreal Paris True Match Radiant Serum Concealer 2c 10mL,,"G2047921 - INGREDIENTS: AQUA / WATER - ISODODECANE - DIMETHICONE - ALCOHOL DENAT. - BUTYLENE GLYCOL - GLYCERIN - TRIMETHYLSILOXYSILICATE - DIPHENYLSILOXY PHENYL TRIMETHICONE - SYNTHETIC FLUORPHLOGOPITE - PEG-10 DIMETHICONE - NIACINAMIDE - SODIUM HYALURONATE - SILICA - DISTEARDIMONIUM HECTORITE - ISOPROPYL LAUROYL SARCOSINATE - DIISOPROPYL SEBACATE - MAGNESIUM SULFATE - DIMETHICONE/VINYL DIMETHICONE CROSSPOLYMER - BIS-PEG/PPG-14/14 DIMETHICONE - DISODIUM STEAROYL GLUTAMATE - PHENOXYETHANOL - PROPYLENE CARBONATE - CAFFEINE - DIPENTAERYTHRITYL TETRAHYDROXYSTEARATE/TETRAISOSTEARATE - SILICA SILYLATE - TOCOPHEROL - ALUMINUM HYDROXIDE - TIN OXIDE [+/- MAY CONTAIN: CI 77891 / TITANIUM DIOXIDE - CI 77491, CI 77492, CI 77499 / IRON OXIDES - MICA - CI 77163 / BISMUTH OXYCHLORIDE]. (F.I.L. Z70031569/1). Please be aware that ingredient lists for the products of our brand are updated regularly. Please refer to the ingredient list on your product package for the most up to date list of ingredients to ensure it is suitable to your personal use.",open_beauty_facts,,,,https://world.openbeautyfacts.org/product/9344329278612/l-oreal-paris-true-match-radiant-serum-concealer-2c-10ml,open_beauty_facts
9344329278384,L'Oréal,L'oreal Paris True Match Radiant Serum Concealer 1n 10mL,,"G2047921 - INGREDIENTS: AQUA / WATER - ISODODECANE - DIMETHICONE - ALCOHOL DENAT. - BUTYLENE GLYCOL - GLYCERIN - TRIMETHYLSILOXYSILICATE - DIPHENYLSILOXY PHENYL TRIMETHICONE - SYNTHETIC FLUORPHLOGOPITE - PEG-10 DIMETHICONE - NIACINAMIDE - SODIUM HYALURONATE - SILICA - DISTEARDIMONIUM HECTORITE - ISOPROPYL LAUROYL SARCOSINATE - DIISOPROPYL SEBACATE - MAGNESIUM SULFATE - DIMETHICONE/VINYL DIMETHICONE CROSSPOLYMER - BIS-PEG/PPG-14/14 DIMETHICONE - DISODIUM STEAROYL GLUTAMATE - PHENOXYETHANOL - PROPYLENE CARBONATE - CAFFEINE - DIPENTAERYTHRITYL TETRAHYDROXYSTEARATE/TETRAISOSTEARATE - SILICA SILYLATE - TOCOPHEROL - ALUMINUM HYDROXIDE - TIN OXIDE [+/- MAY CONTAIN: CI 77891 / TITANIUM DIOXIDE - CI 77491, CI 77492, CI 77499 / IRON OXIDES - MICA - CI 77163 / BISMUTH OXYCHLORIDE]. (F.I.L. Z70031569/1). Please be aware that ingredient lists for the products of our brand are updated regularly. Please refer to the ingredient list on your product package for the most up to date list of ingredients to ensure it is suitable to your personal use.",open_beauty_facts,,,,https://world.openbeautyfacts.org/product/9344329278384/l-oreal-paris-true-match-radiant-serum-concealer-1n-10ml,open_beauty_facts
0773602657070,MAC,Studio Radiance 24HR Luminous Lift Concealer NC11,"Makeup, Concealer","WATER AQUAVEAU, PHENYL TRIMETHICONE, TRIMETHYLSILOXYSILICATE, METHYL TRIMETHICONE, GLYCERIN, C9-12 ALKANE, NIACINAMIDE, BUTYLENE GLYCOL, NEOPENTYL GLYCOL DIHEPTANOATE, ASCORBYL GLUCOSIDE, LAURYL PEG-9 POLYDIMETHYLSILOXYETHYL DIMETHICONE, SILICA, OLEA EUROPAEA (OLIVE) FRUIT OIL, SIMMONDSIA CHINENSIS (JOJOBA) SEED OIL, HYDROGENATED POLYISOBUTENE, POLYSILICONE-11, HYDROXYETHYL UREA, ALGAE EXTRACT, TOCOPHERYL ACETATE, SODIUM PCA, HELIANTHUS ANNUUS (SUNFLOWER) SEED EXTRACT, CAFFEINE, SODIUM HYALURONATE, HORDEUM VULGARE EXTRACT EXTRAIT D'ORGE, TRAMETES VERSICOLOR EXTRACT, CUCUMIS SATIVUS (CUCUMBER) FRUIT EXTRACT, PEG-10 DIMETHICONE, PROPYLENE GLYCOL DICAPRATE, SORBITOL, CAPRYLYL GLYCOL, TREHALOSE, TRIETHYL CITRATE, DIPOTASSIUM GLYCYRRHIZATE, SALICYLIC ACID, SODIUM CHLORIDE, VINYL DIMETHICONE/METHICONE SILSESQUIOXANE CROSSPOLYMER, TRIETHOXYCAPRYLYLSILANE, DISTEARDIMONIUM HECTORITE, AMMONIUM ACRYLOYLDIMETHYLTAURATE/VP COPOLYMER, DIMETHICONE/PEG-10/15 CROSSPOLYMER, ALUMINA, LECITHIN, ZINC STEARATE, PROPYLENE GLYCOL CAPRYLATE, SODIUM HYDROXIDE, SODIUM CITRATE, LAURETH-7, SYNTHETIC FLUORPHLOGOPITE, MAGNESIUM ALUMINUM SILICATE, HEXYLENE GLYCOL, DISODIUM EDTA, CITRIC ACID, DIPROPYLENE GLYCOL, TIN OXIDE, RESVERATROL, PHENOXYETHANOL, POTASSIUM SORBATE, [+/- TITANIUM DIOXIDE (CI 77891), IRON OXIDES (CI 77492), IRON OXIDES (CI 77491), IRON OXIDES (CI 77499)]",open_beauty_facts,,,,https://world.openbeautyfacts.org/product/0773602657070/studio-radiance-24hr-luminous-lift-concealer-nc11-mac,open_beauty_facts
8719238044145,Max & More,Concealer,"Makeup, Maquillage","Aqua, Dimethicone, Propylene Glycol, Isododecane, Glycerin, Talc, PEG-10 Dimethicone, Cetyl PEG/PPG-10/1 Dimethicone, Polymethylsilsesquioxane, Magnesium Sulfate, Phenoxyethanol, Magnesium Palmitate, Triethoxycaprylylsilane, Magnesium Stearate, Silica Dimethyl Silylate, Disteardimonium Hectorite, Hexadecene, Ethylhexylglycerin, Caprylyl Glycol,+/- CI 77891, CI 77492, CI 77491, CI 77499.",open_beauty_facts,,,,https://world.openbeautyfacts.org/product/8719238044145/concealer-max-more,open_beauty_facts
9344329130675,Maybelline,Maybelline Instant Age Rewind Concealer Nude 02 each,,"G852364 1 INGREDIENTS: AQUA WATEREAU, CYCLOPENTASILOXANE, DIMETHICONE, ISODODECANE, GLYCERIN, PEG-9 POLYDIMETHYLSILOXYETHYL DIMETHICONE, BUTYLENE GLYCOL, DIMETHICONE CROSSPOLYMER, NYLON-12, DISTEARDIMONIUM HECTORITE, CYCLOHEXASILOXANE, PEG-10 DIMETHICONE, CETYL PEGPPG-101 DIMETHICONE, PHENOXYETHANOL, SODIUM CHLORIDE, POLYGLYCERYL-4 ISOSTEARATE, CAPRYLYL GLYCOL, DISODIUM STEAROYL GLUTAMATE, ETHYLHEXYLGLYCERIN, METHYLPARABEN, LYCIUM BARBARUM FRUIT EXTRACT, CHLORPHENESIN, ETHYLPARABEN, ALUMINUM HYDROXIDE, PEG-9, N-HYDROXYSUCCINIMIDE, PALMITOYL OLIGOPEPTIDE, CHRYSIN, PALMITOYL TETRAPEPTIDE-7. +- MAY CONTAIN: CI 77891 TITANIUM DIOXIDE, CI 77491, CI 77492, CI 77499 IRON OXIDES FIL D449804Please be aware that ingredient lists for the products of our brand are updated regularly. Please refer to the ingredient list on your product package for the most up to date list of ingredients to ensure it is suitable to your personal use.",open_beauty_facts,,,,https://world.openbeautyfacts.org/product/9344329130675/maybelline-instant-age-rewind-concealer-nude-02-each-l-oreal,open_beauty_facts
9344329257549,Maybelline,Maybelline Instant Age Rewind Concealer Sand 6.8mL,,"AQUA / WATER - DIMETHICONE - ISODODECANE - GLYCERIN - PEG-9 POLYDIMETHYLSILOXYETHYL DIMETHICONE - PROPYLENE GLYCOL - DISTEARDIMONIUM HECTORITE - SILICA - DIMETHICONE CROSSPOLYMER - PEG-10 DIMETHICONE - CETYL PEG/PPG-10/1 DIMETHICONE - PHENOXYETHANOL - SODIUM CHLORIDE - POLYGLYCERYL-4 ISOSTEARATE - CAPRYLYL GLYCOL - DISODIUM STEAROYL GLUTAMATE - ETHYLHEXYLGLYCERIN - CHLORPHENESIN - ALUMINUM HYDROXIDE - STEARETH-20 - LYCIUM BARBARUM FRUIT EXTRACT - CHLORHEXIDINE DIGLUCONATE - SODIUM BENZOATE - N-HYDROXYSUCCINIMIDE - LACTIC ACID - POTASSIUM SORBATE - TOCOPHEROL - SODIUM CITRATE - PALMITOYL TRIPEPTIDE-1 - CHRYSIN - PENTAERYTHRITYL TETRA-DI-T-BUTYL HYDROXYHYDROCINNAMATE - PALMITOYL TETRAPEPTIDE-7 - CITRIC ACID - BIOTIN - [+/- MAY CONTAIN: CI 77891 / TITANIUM DIOXIDE - CI 77491, CI 77492, CI 77499 / IRON OXIDES]. (F.I.L. Z280702/1). Please be aware that ingredient lists for the products of our brand are updated regularly. Please refer to the ingredient list on your product package for the most up to date list of ingredients to ensure it is suitable to your personal use.",open_beauty_facts,,,,https://world.openbeautyfacts.org/product/9344329257549/maybelline-instant-age-rewind-concealer-sand-6-8ml-l-oreal,open_beauty_facts
3600531658106,Maybelline New York,Maybelline New York Instant Anti-Age Perfector 4-in-1 Glow Fair Light Concealer,"Face Makeup, Cosmetics, Foundations","Aqua, Isohexadecane, Dimethicone, Glycerin, Isododecane, Diisopropyl Adipate, PEG-9 Polydimethylsiloxyethyl Dimethicone, Propylene Glycol, Dimethicone Crosspolymer, Disteardimonium Hectorite, PEG-10 Dimethicone, Cetyl PEG/PPG-10/1 Dimethicone, Phenoxyethanol, Kaolin, Sodium Chloride, Polyglyceryl-4 Isostearate, Caprylyl Glycol, Synthetic Fluorphlogopite, Butyrospermum Parkii Butter / Shea Butter, Ethylhexylglycerin, Ethylhexyl Palmitate, Disodium Stearoyl Glutamate, Aluminum Hydroxide, Silica Dimethyl Silylate [Nano], Silica Dimethyl Silylate, Butylene Glycol, Sodium Hyaluronate, Tocopherol, Hexylene Glycol, Pentaerythrityl Tetra-Di-T-Butyl Hydroxyhydrocinnamate, Citric Acid",open_beauty_facts,,,,https://world.openbeautyfacts.org/product/3600531658106/maybelline-new-york-instant-perfector-glow-4-etki-1-arada-fondoten-00-fair-light,open_beauty_facts
3600531638887,Maybelline New York,Maybelline New York Instant Anti-Age Perfector 4-in-1 Glow Light Concealer,"BB Creams, Concealers, Cosmetics, Foundations, Glow makeup, Highlighters","Aqua / Water, Isohexadecane, Dimethicone, Glycerin, Isododecane, Diisopropyl Adipate, PEG-9 Polydimethylsiloxyethyl Dimethicone, Propylene Glycol, Dimethicone Crosspolymer, Disteardimonium Hectorite, PEG-10 Dimethicone, Cetyl PEG/PPG-10/1 Dimethicone, Phenoxyethanol, Kaolin, Sodium Chloride, Polyglyceryl-4 Isostearate, Caprylyl Glycol, Synthetic Fluorphlogopite, Butyrospermum Parkii Butter / Shea Butter, Ethylhexylglycerin, Ethylhexyl Palmitate, Disodium Stearoyl Glutamate, Aluminum Hydroxide, Silica Dimethyl Silylate [Nano] / Silica Dimethyl Silylate, Butylene Glycol, Sodium Hyaluronate, Tocopherol, Hexylene Glycol, Pentaerythrityl Tetra-Di-T-Butyl Hydroxyhydrocinnamate, Citric Acid",open_beauty_facts,,,,https://world.openbeautyfacts.org/product/3600531638887/maybelline-new-york-instant-anti-age-perfector-4-in-1-glow-light-concealer,open_beauty_facts
3760420014069,Note,Note 3in1 Serum Concealer 10 Medium,"Face Makeup, Concealers, Cosmetics, SPF concealers, Serum concealers, Under-eye concealers","Aqua, Caprylic/Capric Triglyceride, Ethylhexyl Salicylate, Niacinamide, Isoamyl Laurate, Glycerin, Polyglyceryl-3 Polyricinoleate, Silica, Undecane, Disteardimonium Hectorite, Tridecane, Zinc Stearate, Polyglyceryl-3 Diisostearate, Magnesium Sulfate, 1,2-Hexanediol, Caprylyl Glycol, Xanthan Gum, Parfum, Sodium PCA, Urea, Helianthus Annuus Seed Oil, Tocopheryl Acetate, Trehalose, Leuconostoc/Radish Root Ferment Filtrate, Polyquaternium-51, Chamomilla Recutita Flower Extract, Sodium Hyaluronate, Tocopherol, Hexamethylindanopyran, Terpineol, Tetramethyl Acetyloctahydronaphthalenes, Trimethylbenzenepropanol. May contain: CI 77891, CI 77491, CI 77492, CI 77499",open_beauty_facts,False,,,https://world.openbeautyfacts.org/product/3760420014069/note-3in1-serum-concealer-10-medium,open_beauty_facts
0800897129781,Nyx,NYX Professional Makeup 03 Bare With Me Vanilla Concealer Serum,"Makeup, nl:Beauty, nl:Concealer",". -Agua_verde= Beneficios: El agua es un componente esencial en muchas fórmulas de maquillaje y ayuda a proporcionar la base líquida del producto. Consideraciones: No hay contraindicaciones conocidas para el agua en maquillaje. -Poliisobuteno hidrogenado_amarillo= Beneficios: Agente acondicionador que proporciona suavidad y humectación a la piel. Consideraciones: Puede obstruir los poros en algunas personas con piel propensa al acné. -Polideceno hidrogenado_amarillo= Beneficios: Agente emoliente que ayuda a suavizar y acondicionar la piel. Consideraciones: Puede causar obstrucción de los poros en algunas personas. -Poligliceril-3 diisostearato_verde= Beneficios: Emulsionante que ayuda a mantener la estabilidad de la fórmula. Consideraciones: Generalmente seguro para su uso en cosméticos. -Glicerina_verde= Beneficios: Hidratante que ayuda a mantener la humedad de la piel. Consideraciones: Generalmente seguro para su uso en cosméticos. -Trimetilsiloxisilicato_amarillo= Beneficios: Agente acondicionador y formador de película que mejora la durabilidad del maquillaje. Consideraciones: Puede causar irritación en algunas personas con piel sensible. -Isononil isononanoato_amarillo= Beneficios: Emoliente que proporciona suavidad y ayuda a dispersar otros ingredientes. Consideraciones: Puede obstruir los poros en algunas personas con piel propensa al acné. -Hectorita de disteardimonio_amarillo= Beneficios: Agente espesante y estabilizador. Consideraciones: Puede causar obstrucción de los poros en algunas personas. -Glicol de butileno_amarillo= Beneficios: Actúa como humectante para mantener la hidratación de la piel. Consideraciones: Puede causar irritación en algunas personas con piel sensible. -Sílice_amarillo= Beneficios: Agente absorbente que ayuda a controlar el brillo y mejorar la textura de la piel. Consideraciones: Puede causar irritación en algunas personas con piel sensible. -Extracto de hoja de Camellia Sinensis_verde= Beneficios: Rico en antioxidantes que ayudan a proteger la piel del daño ambiental. Consideraciones: Generalmente seguro para su uso en cosméticos. -Aceite de semilla de Helianthus Annuus_verde= Beneficios: Agente acondicionador de la piel que ayuda a suavizar y nutrir. Consideraciones: Generalmente seguro para su uso en cosméticos. -Polisacárido de Tremella Fuciformis_verde= Beneficios: Hidratante que ayuda a retener la humedad en la piel. Consideraciones: Generalmente seguro para su uso en cosméticos. -Extracto de Centella Asiática_verde= Beneficios: Calma y suaviza la piel, con propiedades antioxidantes y antiinflamatorias. Consideraciones: Generalmente seguro para su uso en cosméticos. -Alantoína_verde= Beneficios: Calma y suaviza la piel, promoviendo la cicatrización y la regeneración. Consideraciones: Generalmente seguro para su uso en cosméticos. -Olivato de sorbitán_amarillo= Beneficios: Agente emulsionante y acondicionador de la piel. Consideraciones: Puede causar irritación en algunas personas con piel sensible. -Sesquiisostearato de sorbitán_amarillo= Beneficios: Emulsionante que ayuda a mezclar ingredientes a base de aceite y agua. Consideraciones: Puede causar irritación en algunas personas con piel sensible. -Behenato de glicerilo/Eicosadioato_verde= Beneficios: Agente acondicionador y emoliente que proporciona suavidad a la piel. Consideraciones: Generalmente seguro para su uso en cosméticos. -Cloruro de sodio_verde= Beneficios: Regula la viscosidad y mejora la estabilidad de la fórmula. Consideraciones: Generalmente seguro para su uso en cosméticos. -Sulfato de magnesio_verde= Beneficios: Agente acondicionador y espesante que ayuda a mejorar la textura del producto. Consideraciones: Generalmente seguro para su uso en cosméticos. -Etilhexilglicerina_amarillo= Beneficios: Agente acondicionador y conservante suave. Consideraciones: Puede causar irritación en algunas personas con piel sensible. -Ácido polihidroxiestearico_amarillo= Beneficios: Agente estabilizante y emulsionante que mejora la textura y la aplicación del producto. Consideraciones: Puede causar irritación en algunas personas con piel sensible. -Tocoferol_verde= Beneficios: Vitamina E que actúa como antioxidante y acondicionador de la piel. Consideraciones: Generalmente seguro para su uso en cosméticos. -Fenoxietanol_rojo= Beneficios: Conservante efectivo contra bacterias y levaduras. Consideraciones: Puede causar irritación en algunas personas con piel sensible. -PUEDE CONTENER Óxidos de Hierro (CI 77491, CI 77492, CI 77499)_amarillo= Beneficios: Pigmentos que proporcionan color al maquillaje. Consideraciones: Generalmente seguro para su uso en cosméticos. -",open_beauty_facts,,,,https://world.openbeautyfacts.org/product/0800897129781/nyx-professional-makeup-03-bare-with-me-vanilla-concealer-serum,open_beauty_facts
8690644353642,Pastel,Pastel Makeup To Skincare Eye Cream + Hydrating Satin Concealer - Göz Kremi + Göz Altı Kapatıcısı 64 Medium Light,"Concealers, Cosmetics, Eye concealers, Face make-up, Liquid concealers, Make-up","Aqua, C15-19 Alkane, Butylene Glycol, Coco-Caprylate, Polyglyceryl-3 Polyricinoleate, Betaine, Oryza Sativa Bran Oil, Vegetable Oil, Magnesium Stearate, Propanediol, Glycerin, Helianthus Annuus Seed Wax, Oryza Sativa Bran Wax, Rhus Succedanea Fruit Wax, Polyglyceryl-3 Diisostearate, Sodium Chloride, Crataegus Monogyna Flower Extract, Jasminum Sambac Flower Extract, Phenoxyethanol, Aluminum Hydroxide, Polyglyceryl-4 Caprate, Sodium Lauroyl Glutamate, Ethylhexylglycerin, Lysine, Magnesium Chloride, Citric Acid, Ascorbyl Palmitate, Tocopherol, CI 77891, CI 77491, CI 77492, CI 77499",open_beauty_facts,,,,https://world.openbeautyfacts.org/product/8690644353642/pastel-makeup-to-skincare-eye-cream-hydrating-satin-concealer-goz-kremi-goz-altı-kapatıcısı-64-medium-light,open_beauty_facts
9370700066776,Revlon,Revlon Colorstay Concealer Flexwear Light 11.4mL,,"Aqua/Water/Eau, Dimethicone, Trimethylsiloxysilicate, Cyclopentasiloxane, Glycerin, Zinc Oxide [nano], PEG/PPG-18/18 Dimethicone, Polyglyceryl-3 Diisostearate, Bis-PEG/PPG-14/14 Dimethicone, Disteardimonium Hectorite, Sodium Chloride, Tribehenin, Butylene Glycol, 1,2-Hexanediol, Alcohol, Alumina, Boron Nitride, Caprylyl Glycol, Dimethiconol, Hydrogen Dimethicone, Methicone, Methyl Methacrylate Crosspolymer, Mica, Sodium Hyaluronate, Sorbitan Sesquioleate, Tetrasodium EDTA, Tocopheryl Acetate, Triethoxycaprylylsilane, Trisiloxane, Phenoxyethanol MAY CONTAIN/PEUT CONTENIR/PUEDE CONTENER (+/-): Iron Oxides (CI 77491) Iron Oxides (CI 77492) Iron Oxides (CI 77499) Titanium Dioxide (CI 77891)",open_beauty_facts,,,,https://world.openbeautyfacts.org/product/9370700066776/revlon-colorstay-concealer-flexwear-light-11-4ml,open_beauty_facts
9370700066783,Revlon,Revlon Colorstay Concealer Flexwear Light Medium 11.4mL,,"Aqua/Water/Eau, Dimethicone, Trimethylsiloxysilicate, Cyclopentasiloxane, Glycerin, Zinc Oxide [nano], PEG/PPG-18/18 Dimethicone, Polyglyceryl-3 Diisostearate, Bis-PEG/PPG-14/14 Dimethicone, Disteardimonium Hectorite, Sodium Chloride, Tribehenin, Butylene Glycol, 1,2-Hexanediol, Alcohol, Alumina, Boron Nitride, Caprylyl Glycol, Dimethiconol, Hydrogen Dimethicone, Methicone, Methyl Methacrylate Crosspolymer, Mica, Sodium Hyaluronate, Sorbitan Sesquioleate, Tetrasodium EDTA, Tocopheryl Acetate, Triethoxycaprylylsilane, Trisiloxane, Phenoxyethanol MAY CONTAIN/PEUT CONTENIR/PUEDE CONTENER (+/-): Iron Oxides (CI 77491) Iron Oxides (CI 77492) Iron Oxides (CI 77499) Titanium Dioxide (CI 77891)",open_beauty_facts,,,,https://world.openbeautyfacts.org/product/9370700066783/revlon-colorstay-concealer-flexwear-light-medium-11-4ml,open_beauty_facts
9370700066790,Revlon,Revlon Colorstay Concealer Flexwear Medium 11.4mL,,"Aqua/Water/Eau, Dimethicone, Trimethylsiloxysilicate, Cyclopentasiloxane, Glycerin, Zinc Oxide [nano], PEG/PPG-18/18 Dimethicone, Polyglyceryl-3 Diisostearate, Bis-PEG/PPG-14/14 Dimethicone, Disteardimonium Hectorite, Sodium Chloride, Tribehenin, Butylene Glycol, 1,2-Hexanediol, Alcohol, Alumina, Boron Nitride, Caprylyl Glycol, Dimethiconol, Hydrogen Dimethicone, Methicone, Methyl Methacrylate Crosspolymer, Mica, Sodium Hyaluronate, Sorbitan Sesquioleate, Tetrasodium EDTA, Tocopheryl Acetate, Triethoxycaprylylsilane, Trisiloxane, Phenoxyethanol MAY CONTAIN/PEUT CONTENIR/PUEDE CONTENER (+/-): Iron Oxides (CI 77491) Iron Oxides (CI 77492) Iron Oxides (CI 77499) Titanium Dioxide (CI 77891)",open_beauty_facts,,,,https://world.openbeautyfacts.org/product/9370700066790/revlon-colorstay-concealer-flexwear-medium-11-4ml,open_beauty_facts
9370700082493,Revlon,Revlon Illuminance Serum Concealer Light 5mL,,"AQUA, DIMETHICONE, ISONONYL ISONONANOATE, CAPRYLIC/CAPRIC TRIGLYCERIDE,GLYCERIN, BUTYLENE GLYCOL, CETYL PEG/PPG-10/1 DIMETHICONE, TRIMETHYLSILOXYSILICATE, SORBITAN OLIVATE, SODIUM CHLORIDE, TRIBEHENIN, DISTEARDIMONIUM HECTORITE, PHENOXYETHANOL, ETHYLHEXYLGLYCERIN, CAPRYLYL GLYCOL, ETHYLHEXYLGLYCERIN, SQUALANE, SODIUM HYALURONATE, XANTHAN GUM, MICA, TRIETHOXYCAPRYLYLSILANE, TITANIUM DIOXIDE (CI 77891), TRIETHOXYCAPRYLYLSILANE, ALUMINA, IRON OXIDES (CI 77492), TRIETHOXYCAPRYLYLSILANE, IRON OXIDES (CI 77491), TRIETHOXYCAPRYLYLSILANE, IRON OXIDES (CI 77499), TRIETHOXYCAPRYLYLSILANE",open_beauty_facts,,,,https://world.openbeautyfacts.org/product/9370700082493/revlon-illuminance-serum-concealer-light-5ml,open_beauty_facts
9370700082509,Revlon,Revlon Illuminance Serum Concealer Light Medium 5mL,,"AQUA, DIMETHICONE, ISONONYL ISONONANOATE, CAPRYLIC/CAPRIC TRIGLYCERIDE,GLYCERIN, BUTYLENE GLYCOL, CETYL PEG/PPG-10/1 DIMETHICONE, TRIMETHYLSILOXYSILICATE, SORBITAN OLIVATE, SODIUM CHLORIDE, TRIBEHENIN, DISTEARDIMONIUM HECTORITE, PHENOXYETHANOL, ETHYLHEXYLGLYCERIN, CAPRYLYL GLYCOL, ETHYLHEXYLGLYCERIN, SQUALANE, SODIUM HYALURONATE, XANTHAN GUM, MICA, TRIETHOXYCAPRYLYLSILANE, TITANIUM DIOXIDE (CI 77891), TRIETHOXYCAPRYLYLSILANE, ALUMINA, IRON OXIDES (CI 77492), TRIETHOXYCAPRYLYLSILANE, IRON OXIDES (CI 77491), TRIETHOXYCAPRYLYLSILANE, IRON OXIDES (CI 77499), TRIETHOXYCAPRYLYLSILANE",open_beauty_facts,,,,https://world.openbeautyfacts.org/product/9370700082509/revlon-illuminance-serum-concealer-light-medium-5ml,open_beauty_facts
3616307650151,Rimmel Multi Tasker,Rimmel Multi Tasker Concealer Ivory 10 ML,,"AQUA/WATER/EAU, ISODODECANE, CYCLOPENTASILOXANE, TRIMETHYLSILOXYSILICATE, BUTYLENE GLYCOL, CETYL PEG/PPG-10/1 DIMETHICONE, TALC, CETEARYL ETHYLHEXANOATE, ACRYLATES CROSSPOLYMER, DIMETHICONE/VINYL DIMETHICONE CROSSPOLYMER, MAGNESIUM SULFATE, BIS-PEG/PPG-14/14 DIMETHICONE, BORON NITRIDE, AMMONIUM ACRYLATES COPOLYMER, TRIBEHENIN, ISOPROPYL TITANIUM TRIISOSTEARATE, DISTEARDIMONIUM HECTORITE, LECITHIN, LAURETH-7, ALUMINA, PHENOXYETHANOL, TRIHYDROXYSTEARIN, CHLORPHENESIN, PROPYLENE CARBONATE, XANTHAN GUM, ALCOHOL DENAT., GLYCERIN, TOCOPHERYL ACETATE, DISODIUM EDTA, DISODIUM DECETH-6 SULFOSUCCINATE, SILICA, SODIUM PCA, UREA, LAURETH-30, SODIUM DEHYDROACETATE, TREHALOSE, HEXYLENE GLYCOL, POLYQUATERNIUM-51, CAPRYLYL GLYCOL, TRIACETIN, SODIUM HYALURONATE, PENTAERYTHRITYL TETRA-DI-T-BUTYL HYDROXYHYDROCINNAMATE, [May Contain/Peut Contenir/+/-:TITANIUM DIOXIDE (CI 77891), IRON OXIDES (CI 77491, CI 77492, CI 77499)].",open_beauty_facts,,,,https://world.openbeautyfacts.org/product/3616307650151/rimmel-multi-tasker-concealer-ivory-10-ml,open_beauty_facts
